/*
SQLyog Ultimate v9.20 
MySQL - 5.5.12 : Database - vms_test
*********************************************************************
*/

/*!40101 SET NAMES utf8 */;

/*!40101 SET SQL_MODE=''*/;

/*!40014 SET @OLD_UNIQUE_CHECKS=@@UNIQUE_CHECKS, UNIQUE_CHECKS=0 */;
/*!40014 SET @OLD_FOREIGN_KEY_CHECKS=@@FOREIGN_KEY_CHECKS, FOREIGN_KEY_CHECKS=0 */;
/*!40101 SET @OLD_SQL_MODE=@@SQL_MODE, SQL_MODE='NO_AUTO_VALUE_ON_ZERO' */;
/*!40111 SET @OLD_SQL_NOTES=@@SQL_NOTES, SQL_NOTES=0 */;
CREATE DATABASE /*!32312 IF NOT EXISTS*/`vms_test` /*!40100 DEFAULT CHARACTER SET latin1 */;

USE `vms_test`;

/*Table structure for table `tb_certificate_request` */

DROP TABLE IF EXISTS `tb_certificate_request`;

CREATE TABLE `tb_certificate_request` (
  `CERT_REQ_ID` bigint(19) NOT NULL AUTO_INCREMENT,
  `PRJ_ID` bigint(19) NOT NULL,
  `REQ_TP` bigint(19) NOT NULL,
  `REQ_STS` bigint(19) NOT NULL,
  `REQ_DTE` datetime NOT NULL,
  `REQ_BY` varchar(20) NOT NULL,
  `CREATED_BY` varchar(20) NOT NULL,
  `CREATED_DTE` datetime NOT NULL,
  `UPD_BY` varchar(20) NOT NULL,
  `UPD_DTE` datetime NOT NULL,
  `VERSION` int(10) NOT NULL,
  PRIMARY KEY (`CERT_REQ_ID`)
) ENGINE=InnoDB AUTO_INCREMENT=26 DEFAULT CHARSET=latin1;

/*Data for the table `tb_certificate_request` */

LOCK TABLES `tb_certificate_request` WRITE;

insert  into `tb_certificate_request`(`CERT_REQ_ID`,`PRJ_ID`,`REQ_TP`,`REQ_STS`,`REQ_DTE`,`REQ_BY`,`CREATED_BY`,`CREATED_DTE`,`UPD_BY`,`UPD_DTE`,`VERSION`) values (1,6,44,43,'2010-02-14 17:16:55','Jeannie0','Armstrong','2011-09-09 05:00:17','Jasmine14','2011-09-25 12:49:11',1),(2,3,44,42,'2010-09-28 16:17:46','Nelson679','Moyer','2011-08-16 02:12:41','Cary053','2011-03-18 16:49:17',1),(3,12,45,42,'2010-01-28 01:14:11','Katherine','Lester','2011-03-04 08:18:50','Jason8','2011-07-27 05:01:55',1),(4,2,45,43,'2010-02-27 08:42:34','Pedro14','Thompson','2011-10-18 10:37:18','Pablo','2011-03-23 19:53:48',1),(5,8,44,43,'2010-02-13 03:28:09','Trenton09','Mosley','2011-06-22 04:00:27','Jermaine278','2011-05-17 20:21:58',1),(6,9,45,43,'2010-08-11 02:43:55','Morgan519','Flynn','2011-03-26 09:50:44','Dena','2011-12-23 14:35:17',1),(7,22,44,43,'2010-02-02 12:40:03','Tameka8','Herrera','2011-06-07 19:20:15','Meghan99','2011-04-30 23:47:03',1),(8,11,44,43,'2010-03-22 07:39:23','Harold04','Lang','2011-09-22 03:48:04','Micah','2011-09-23 09:13:52',1),(9,17,44,42,'2010-07-03 15:39:35','Ernest','Bailey','2011-11-15 18:01:37','Ann','2011-02-14 19:36:18',1),(10,7,44,43,'2010-03-03 21:41:02','Rene473','Chambers','2011-04-11 13:54:46','Chasity','2011-01-06 00:43:55',1),(11,13,45,42,'2010-01-25 17:52:24','Sandra5','Ruiz','2011-04-12 06:06:25','Rodolfo24','2011-10-01 14:15:46',1),(12,16,45,42,'2010-03-04 00:46:14','Irene','Santos','2011-07-06 13:44:05','Latisha','2011-01-27 22:22:39',1),(13,1,44,43,'2010-06-06 14:47:21','Nikki5','Friedman','2011-06-29 07:30:24','Renee287','2011-11-12 18:39:05',1),(14,10,45,42,'2010-08-20 21:17:00','Molly','Pollard','2011-03-14 00:08:00','Rudy170','2011-03-28 18:02:00',1),(15,14,44,43,'2010-06-08 05:10:27','Mindy04','Cooper','2011-07-14 14:02:12','Sonny4','2011-12-07 03:56:43',1),(16,19,45,43,'2010-03-17 08:25:45','Joni','Riggs','2011-01-30 07:52:23','Chester0','2011-04-30 23:30:07',1),(17,20,44,43,'2010-01-19 03:42:33','Omar','Carrillo','2011-04-24 04:28:46','Nicole30','2011-02-25 04:59:36',1),(18,24,45,43,'2010-03-08 08:08:58','Alfredo0','Petersen','2011-01-16 09:05:31','Pamela7','2011-04-13 17:43:12',1),(19,18,44,42,'2010-06-19 22:50:01','Tamika13','Boyle','2011-07-19 12:17:40','Latasha','2011-08-08 05:16:05',1),(20,21,45,43,'2010-04-28 01:31:37','Chasity25','Phelps','2011-06-25 21:23:33','Noel29','2011-04-04 18:38:10',1),(21,4,44,42,'2010-06-23 20:09:13','Leah','Wu','2011-11-15 22:25:29','Simon','2011-02-21 15:56:20',1),(22,5,45,43,'2010-02-06 11:13:33','Gilbert0','Higgins','2011-11-01 09:00:36','Hector4','2011-04-29 23:31:58',1),(23,15,44,43,'2010-10-29 21:40:14','Eileen265','Reynolds','2011-05-03 10:57:14','Jeffery6','2011-09-03 11:48:34',1),(24,25,45,43,'2010-04-21 10:49:28','Gary34','Day','2011-05-08 22:28:53','Ismael348','2011-01-19 06:15:09',1),(25,23,45,43,'2010-11-21 08:52:42','Jacob000','Kerr','2011-03-09 09:24:44','Audra','2011-05-19 17:46:05',1);

UNLOCK TABLES;

/*Table structure for table `tb_code` */

DROP TABLE IF EXISTS `tb_code`;

CREATE TABLE `tb_code` (
  `CD_ID` bigint(19) NOT NULL AUTO_INCREMENT,
  `CAT_ID` bigint(19) NOT NULL,
  `VAL` varchar(50) NOT NULL,
  `DESC` varchar(100) NOT NULL,
  PRIMARY KEY (`CD_ID`),
  KEY `FKTB_CODE317331` (`CAT_ID`),
  CONSTRAINT `tb_code_ibfk_1` FOREIGN KEY (`CAT_ID`) REFERENCES `tb_code_category` (`CAT_ID`),
  CONSTRAINT `FKTB_CODE317331` FOREIGN KEY (`CAT_ID`) REFERENCES `tb_code_category` (`CAT_ID`)
) ENGINE=InnoDB AUTO_INCREMENT=46 DEFAULT CHARSET=latin1;

/*Data for the table `tb_code` */

LOCK TABLES `tb_code` WRITE;

insert  into `tb_code`(`CD_ID`,`CAT_ID`,`VAL`,`DESC`) values (1,1,'Singapore','Singapore'),(2,1,'Philippines','Philippines'),(3,1,'Myanmar','Myanmar'),(4,2,'Submitted','Submitted'),(5,2,'Approved','Approved'),(6,2,'Rejected','Rejected'),(7,3,'New','New'),(8,3,'In Progress','In Progress'),(9,3,'Close','Close'),(10,4,'Mr.','Mr.'),(11,4,'Ms.','Ms.'),(12,4,'Mrs.','Mrs.'),(13,4,'Mdm.','Mdm.'),(14,4,'Dr.','Dr.'),(15,4,'Sr.','Sr.'),(16,4,'Miss','Miss'),(17,4,'Mstr.','Mstr.'),(18,4,'Prof.','Prof.'),(19,4,'Unk.','Unk.'),(20,5,'Volunteer','Volunteer'),(21,5,'Staff','Staff'),(22,6,'New','New'),(23,6,'Approved','Approved'),(24,6,'Rejected','Rejected'),(25,6,'Withdraw','Withdraw'),(26,7,'Project Member','Project Member'),(27,7,'Project Manager','Project Manager'),(28,7,'Project Leader','Project Leader'),(29,8,'Submitted','Submitted'),(30,8,'Approved','Approved'),(31,8,'Rejected','Rejected'),(32,9,'New','New'),(33,9,'Close','Close'),(34,12,'System Administrator','System Administrator'),(36,12,'User','User'),(38,12,'Project Cordinator','Project Cordinator'),(39,13,'Director','Director'),(40,13,'Manager','Manager'),(41,13,'Employee','Employee'),(42,10,'Requested','Certificate Requested'),(43,10,'Processed','Certificate Processed'),(44,11,'Project','Project level request for certificate'),(45,11,'Individual','Individual level request for certificate');

UNLOCK TABLES;

/*Table structure for table `tb_code_category` */

DROP TABLE IF EXISTS `tb_code_category`;

CREATE TABLE `tb_code_category` (
  `CAT_ID` bigint(19) NOT NULL AUTO_INCREMENT,
  `NME` varchar(50) NOT NULL,
  `DESC` varchar(255) DEFAULT NULL,
  PRIMARY KEY (`CAT_ID`)
) ENGINE=InnoDB AUTO_INCREMENT=14 DEFAULT CHARSET=latin1;

/*Data for the table `tb_code_category` */

LOCK TABLES `tb_code_category` WRITE;

insert  into `tb_code_category`(`CAT_ID`,`NME`,`DESC`) values (1,'NME','DESC'),(2,'PROPOSAL_STATUS','Proposal Status'),(3,'PROJECT_STATUS','Project Status'),(4,'TITLE','Title'),(5,'USER_TYPE','User Type'),(6,'PROJECT_INTREST_STATUS','Project Itrest Status'),(7,'MEMBER_ROLE','Member Role'),(8,'FEEDBACK_STATUS','Feedback Status'),(9,'TASK_STATUS','Task Status'),(10,'CERTIFICATE_REQUEST_STATUS','Certificate Request Status'),(11,'CERTIFICATE_REQUEST_TYPE','Certificate Request Type'),(12,'ROLE','System role - used for security check'),(13,'JOB TITLE','The job title to be used in each user detail');

UNLOCK TABLES;

/*Table structure for table `tb_document` */

DROP TABLE IF EXISTS `tb_document`;

CREATE TABLE `tb_document` (
  `DOC_ID` bigint(19) NOT NULL AUTO_INCREMENT,
  `FLE_NME` varchar(100) NOT NULL,
  `FLE` blob NOT NULL,
  `DESC` varchar(255) DEFAULT NULL,
  `DEL_IND` tinyint(1) NOT NULL DEFAULT '0',
  `CREATED_BY` varchar(20) NOT NULL,
  `CREATED_DTE` datetime NOT NULL,
  `UPD_BY` varchar(20) NOT NULL,
  `UPD_DTE` datetime NOT NULL,
  `VERSION` int(10) NOT NULL,
  PRIMARY KEY (`DOC_ID`)
) ENGINE=InnoDB AUTO_INCREMENT=26 DEFAULT CHARSET=latin1;

/*Data for the table `tb_document` */

LOCK TABLES `tb_document` WRITE;

insert  into `tb_document`(`DOC_ID`,`FLE_NME`,`FLE`,`DESC`,`DEL_IND`,`CREATED_BY`,`CREATED_DTE`,`UPD_BY`,`UPD_DTE`,`VERSION`) values (1,'azxhezkmv.pdf',']Kyry+}\\Is$G\0pǈ^O&%̀7~t@\" R{Kѥ.Ϥ$zY=ZA;.ge9_7ۯoJ	aa|DM\"qQ[g>t/Ў4<#t]\nGve 7h\r&tLDƎ`1VGjJJ}`N\"xYJCw+7L{bWe4\Z0\'xkELtc;G&ĩ6nfG}ăgNq^L	G9k& 4paDe.6lM3aj\0SJ--^`T!\"\'B(ĵC4jBnnuN\rH\"\'f݅Az_P˅gZml[:X\ZFir/!j$\ra=Y:I̲D;\n,K&_ra!`C_;\Zz-_< l۰dLER?eqH=4-j\0Kxak?	a5dU)+Xص.ecSEj<@_҆sِ؊oe<%\r:BPp\rCUT<v3h\":vOUGR3ܱ2rnp&_ ~;#68^z(/Ԥ_\npRdkLr\\/ {8+wZ30\\=bcsfۦ#h_ 4.*fYXkVl3z-7-9|Ӷ%.\r;#T5wn芚Ml,wp=t} E&\0(=WQӣan0~A\'WVNdoݕ!_ϥqIE?9Eg70?J_8}D,Oaԇ\Zy^Z/[n`ld\nF9rZw~p] 65/3q_=Ǖ}EU?tῃ!c%$Zg`Ѣ뀅}?t}u\n?A\'aOTd@7cRb\n]rhٿ̖qg74+8<@B\\~/,.ȍg<n.ɀW\"-KA:w?ER*ZnePUd΅SS6.\"5E,EەoTb^^ۻ#!$Dt$MŉWڇQˡX׾)p$ȷr*>??\04?,X8ѲEhҜ,`,\";\Z^\ZlcEmj7(3\"qgx+as\Zj>u@:Ac|Г_{\ZaPj&w,R`tFߺ|q,tGgvO\rY\Z4VtR\ZI\Z֜gy|#{<Tc_{,чM5p.uqcvt@ʻd@8qMJZ<0MưD)N&8Jr7꽿ڻ笙3Lj\'ڥeF }Nk><#p?>jRhA:S8ȡW\r腨fan<6y@`_7S\nÀe۱̎w3(}WirOAs6Ne8X<U<.\'R.9	H-QA^kOB =0\"\rq_a\Zb\\<jndOMGi+Dѻ:.$JhĄx!ٰb>ǜ/bT(/?@A=}gGQT.%	⨙,RlI3C_#Ȱi4pr@u\nӄv6{&yqY?96j \nO_`5o^ޡ:d Ɋ?tÔ|Q6Py\\B1C)G	0.%P8Ćie0{m*rufho3$GZryO#!xEX>2^^l<o<:nҨS&Kx<r)#~湔h-`qjaA\Z%hS^C-YT#phMS9yŁ{+\r qQ3*}q0mh*9A[jaG戮\"uQUψMqv.K>\"s%ĠQ\rs32eG	;\\I@wP3kAؕ7ngVo3S\0ovLk@mwE2q˺fEZlG\"lnni!{\\ąg>;#Kx+3f8nbƜyHC.QX\nJ`^KZ4m/?oT\'ȾmD7ADP*U.p|9oC__oiOˈ\r3\0\0CFlB\ZV:N):ܹ7,T.9ޠ߾kJ,O1ҨlֶljOş[Let}FdsX0qTOʽb݊vdQMu+<O\'R!Fds	>@z_#n:h\'Cg#`Z7YN!H$pVf9S\r4Ka\",\'k?ARrp7Rm$l HVc.Kn&d:6pDSTI_T\\`QKy	ƴ&7r-NsnB~B.*ȦW@+ t7;y?*P§Nu>,`{k:FxQا\n~h1]x8Еl?ʨ1#֮\rma]\\p\"b\0\0yaf發1]F]vJ=tJclG=+fOzmVtׅNײ_ވH9Y\0j(r[p!*9f$:Õms+Tmް=.`wxdɫnCFyZ>\'MZy1r\'d8\'(g˧	,=wFӾ~rRZ̿b0o<g<;X&I)3%(ͲOM몾sJaĲكUՙ#wQbtKDS+QP޷M9H\'sw\ncn·9e6Rp_QEimP	.Zg[@BD\"v]\0*\0uø@[%M#.~%MxQyhqEu\0\'~J)P;2jӺxԶJDsc~	uN,iG	9	EG3MFJp~GaNmj˪jjbQ8B\0*zBbamg^ʃ~b\Z>Pơw\04!YBbE*U/YHB^bv2egnA[18ôE%i \"M9z([¹c)Yo\"\"Hw,rrg.Z1@@\rn*pkAԘ-80]ܽ,I42׍*rH:FNdZ!**UCZ;piGcn0o)L2\"k\0Yޗp}\rσ̋`oB^Nu۞\nЋ<_eS:Aĥ:;y0tC)%FJ@Zkn:J*O4\\JNHƔA}Yۓ)zp	&cZ+ވs*Fv,9Pq16ME!b9\"lXP*$M}75O19fTOÕqGxU?+$Q}f\"D\\ZX|;KFĴ\rNaO٪+ꉈ\nN,,_QK\r[>}\nU2\"C_&)avO3Gxð߻G2P)\\RjVn)+nP~	\n\"m/N	GU!T۳M+GDaZ;=Rz!&vTHӵ[ H9FJŁn4xa`&</Y*1<\'a70\\\Z;B4M3ɍ=Q)/6!%}^gQclaBJFY׍x\r*!w>ƈ}iD&ߜXﷂ0rT/ Ә5L\"mU0	.[\0\"&OCXa89\'bg݅aR\'%Y/Oq@5*.DWNDJmp1l;A\nЯ&O3ZΘlP\'KԄV\rf\'9Iy}\'a<?mF)YC)RB3@gO0o50fZO+!hٟwºEfl隡n--)=p޴S~\r2}u+۫BϤƅnCy~Q8B_&Md\n&4%`hJRP~raJM	9OP2*>9hj_@T+Dܤ\n5\"=Ի6C/Lpl%g2NYO=7R)adk`.މ]33m]DƦMiT,(	|0Y`w7G	\0\"85En,JKKLym_0)O>Bq/\ZTj\0\\3fO	Sw_fS\n4wqc..{XY)<5_@TeԪsRWI߄l 玐W|8ۉ΃?3X\0zz\Z-\\v{[a,Y$sܽGZRJzӐqV竩>2$nM)$%P,TȈfjZ6Ӹm)VL\\G~\'U![:xpD9H[&[)E4gjĸm1`\\]$$߳s+s_<SfvvKA\Zi#ּ)\n\0	0}r	W[_M_]iu5:g\"#%Ju$?/\"#_ZeB=:Lg\Z4D}=<(+L>^m}ּYM?Ijjӻkk},n>L9>l\rmtztm2N\'1Ā6]\'ŐCosd$}PiLQck6mDWiݚ!~G/:f $\rw/ã%JwPA\0=I_v3;pH\"5\"HXy/79u3y=-O\01xD[Ri\\a9b3q\nv`SD@R,O5יmLK=tn͸ڇz)}/s3xq)`\Zфsg][\r\rɦLؘ;#\0ar\0\'܅RV[ Ȏ|C\\r\0b6I{!ѩ0`#)uAFM?rd㮦`Mr|qA:Ge	Kdӡm۱7L|}I`+iLWcBͿ}q{QqvffqO:*\0خρGt=`-FIV>H\nnC81əɝU\"n:Xm?=L*Fi_cAѻ%#:Vh]ȻE}r\0 \nZ@zé&hԈ7yuv8$,c\Z3?ї\"x[V]U&WzTg2D}K2?	bM\"2(yY,u/Y鐮om\nn%ܖY^c/<Q6>4+;ؖD*n45*s$`^tyr7~/nG[cE8cޣu\Z&\"dwdDO\Z%Èw`?	a5d]PVs,As6l3B&Yt\rqN(%lsi=VDNagWa_SCƨi^\'O7/J4OS~+*0V~vdOM(r,r\'V}~8Gk97$ݚHwPDq5/(29;F_@}/bsY^5\n=N\Z	h\'s)|ZtpUSvXU*Ur/Y}Kw(q\"yn\Zzfi%[,ĉd.P9OvC~4ӎ*̺Zug.r(!|RonMԿ,\'QAPXqzJo	0E>m68ch,6T<>9<,)ݥGpw=	vu_ZWkX^;3_\rZ32=#N\".eF念A4hJЊ[)UtK#hyė\0ua!Q\rң:ȫH#o?xc);p΁\\\Z\\`sp2&ka\n*UhStvǵ\nOHZHO;R޴/e&A`;9\028]Ч>!?$$F\nPy+Zа\"\rRUVX\rSn\'[l\\~̿ծ&XM5SjT\ZZ3cF\n.cNLMz\r8$6RˡܶOyu %s%X\"=$6bK(=21LmKxJK.Tٝf@7\n\nSAfdC?r;f0WA.@?t	3,H\'dOm*^7Rc51/x=7ݢ9D:|-L(ζ¥`ZF++/@/И} Gx/6!%qh$M!!y*׻;djZö8`M!EL	q9Eіb0\r?!fˬ剦1\Z0zPLx˯BH@eҤ\Z','Et quad ut novum eggredior.  Longam, e funem.  Quad rarendum habitatio quoque plorum fecundio, et plurissimum parte brevens, non quo plorum in ',0,'Walsh','2010-10-14 18:33:29','Lowe','2012-08-30 20:42:55',1),(2,'fmfrejdsb.txt','<Ay\'\0F]όb49܎݄2Π&*>_#hvtBOopK>uT-Q#챩;sfߵSgրKFK`&+r[^o&\"-@(y0G=ClKHfZY3Iy񈏗	r*_<tF&\\h!W*QdIunA2TԌG!jN,GQr%\ZU	uT\Zs=?jOaabɵlCMfdv3Zame\nڦ%<g-Pw$n7rQ1A,czh@\'=\\5ʥw,0cawx\n|:ʾ	oo~}R\r!{/WΣ@\'t*^bf#8D?\0_.vaږ$y\rDUe3@59Pn5?)F|ɛa_|<6[̘=U:u7?#+yX5Ks\nL?sa\'oղ=ֶ)g<@Mx:,Q~\\ưvJFOIlII\\$w`;E\nz\\.9OZSό!{q.^@:G&?I-m7 ia(&LʠqǄfwCML\n1g}2:z6ono9n8Ik[{M[9EuEijw]%0Pkݙ~;;5d.k5}3xƶkl @o͙!Pzrb=src5JSwϧn2ݫKИ	/zIk1\Zrzr\"̲ڠ?Vz1%3Xi^2d~0$us(z\r,2/.Ė\rb؞iĶh&ݪ&2W`tL@IFD\nHh%O\'M/w1QZd?]\"º]t	\0/\"-=ͱ㏉dqq*\Z(i*Qrf/ϜRkJ6.xFxn縨kYKikn<%gg{BMFʅZ)l6&`gIA-TX)J[_Sq=1h\ZP\nڈ:*<Wq7bCmf=K+B\rs>O@~!ϞNĆ\0\\S+CWLe\Z3-\\Emp|DgM3;eZAl.4h~JljZ\0|A4r2c˦A3H}\ZHͱ3#Ӫ#~bj$Xg&}LܰtdA5.Tif˶d_rOo[R}*y6)V_\nD{u^/:C{E}gA`\',:YxD#r3!4ϳ=\nq0:\nbF\r\n]e9W^K򁫍/kP9f<gQ\Zw\ZS8Zu˴b.P7nbD1Qki9͌be396EFrDB\"DzIuv>#;ҷlR|\n&\nŐy[5fy9=7	N	pA2FoPYk歪ߜQإQsFO)ߵ^#Z)ӘCHHTm.	c=\\Pp5~J 0`s@&7G}|RşN9lpgeshz,22ߒ64ń1\0E_Dxu|Jo͐}oTer\"]H҅M(F?Bx\nTT!Y`w!@g71/\0-[-=ǉ9[߬=@Ii7$\ZH%B󪐮9%OTl;r#E,[OB0?nm;r@d\\O]*\0=Ѳ\"Bl-IoW,pkLyl\0 1G0ڕwD=x`08\"\'!Rv_.Ft@\0`Q?5C:i*A#iͦ6B\\W,Mִ]ẓq)2F1m4RQ!pu5}Ŭ(MaΌ-QyQIDWEx{n\nдϛ\rہ%T\"ڠ(pThs]GtvT2VۋE_`(+7*F$<68-;HU\n+ru!d[PDu\n6}WIϧ\\s$gXm8C3Q9\0WR:._lȖaH$eϑJح\rkޭ\rDUq	kJwD^\"\Z^#J],;QASBKzOӼXAƨMP ]+Ӓxt\r\'KvIfi!|tb{A4Ӣam*.t$.5HyZ\\Pv&%M9JVӺ5|zuOl7]][C@u(s!CP\"d&mzU\Z>3w발RKyQJ:I{E?ƺʒ5Ndr:~ղdIs21֘L㸘BV]ޥ5H4<ao3d1BDUΞt:bڈos.VY2NU	К7*f-Qw5\n:V|r<1{bV^_17e,X\r3+B\0a[EҳFCϹ	RG7M¤ȽBx1G>z\'.Ts)Be+pΪ\r\'A\nyV}{N+h\0 b0eZHT|u\0\0+%\0\"6\Z7JgЪRΙK#@lmh?@2ZZ	x1\r{/\r1!tfΖE(^vDsd#:}v[jr̙7	G:&OG&z!Gs0	܆:,LȢNFO%(ťDPۧ\r!9+JgHɸr(R4AKez=V^\0Uo3:+&JhSPc8%\ri-7@ AMۮ[^]Nduv\r#/ϠcA\"A_֢uǩ^R  {3xDI(l9C1Ϙ*h%_!el]]LHFĪ!YNTDK8VQ51xvrL]f?>n,g\'x	\rSA\\\Zw:NL	Z<<%1\n\0mYȶO}iQ&0S\Z5-nCe\nkWv1]Gqܒx_R5?-[9W\nʞfPϜCE<z<^>r4~A>rao\0cib4XIZ=ޛ7^c >LMUܦ\Z=)>|2\"Nަj$\ZE!odA)O\0c壙cOZp]۴e9r*پgׁ\"5_r#1>_#?ˀ`]<Ь9P(>(\ZUDApJ6\"%\r?`S}#~goWy	w%Y_n\\lM,9Q_s\r\ZKA[yG.,܏nS`QC2YsFCXYzz=dUB×)5_\",cUb-0tGүZ\Zv#nځ\ZiZS-n5kiDP=poG=QA,v^,I%|ƝQk,/ڏ# )vWR\\@&Vxxkٹ_uRAEY{	G~c\nd&FD[AXrfdmV\Z͡Sq235$%(rSoe= )K_ȟV3ڒGl4zEe&f _W-5dϋpwX`0*!ni:,\'I52I\nF9L556v(iI-+jjxnI5xO%o\r?]ʾab Kv_\Z=\ZB({ͦ	b\\_uZg HxY=!Sx51csAlj:*n6PXb:1K}KMk(-*xt|=aUcӐl=cHR4Xm)+ 	hU6>Z~ɆKq	X/?	&A_;IヱJ\rj\'G!/nQ\'X=N`*HFi1,^2X$du1#,kp~5֍7haT#htR@U_%t#؎\0!9As/G\';L\0{U(a`m9DICGr,ڌ!UB4VQ E!47\rМz@z~\'Ȼlxk,\Z\nh5{ȏE:yfOBB(t\r1	N6]0?ˀ2*Ħ`Bddt@Jyb\n,#&K*wAl#@GN0%FQ{pKᜮ}9I!޺\'9ٔ\Zs1%%-]@^(sQXfk[MLUjS3,ڔfCL\row=Py|yz%8=(Kc\n\r19.i-a$G#\'7XFN3FBᵖK5D\n&@qٷTUc]rw6\'ZXp&ն?#z\\c&\n-?}iy\\A=xc]TDZsPEڱ\Zٖ9Lo;j0!Ll$<UBqL\Zi7	C$E}̵Z=,~w&D-٦ΰ\ZVPl-Rc]Z8y%FV}\0{\"`LkG爸_wCar(U5>J\rל%z1\nx{GD&\\d9ke\Zy\"t!H~?','Pro linguens imaginator pars fecit.  Et quad estis vobis homo, si nomen transit. Pro linguens non apparens vantis. Sed quad ut novum eggredior.  ',0,'Berry','2010-07-01 16:42:47','Cantu','2011-03-04 18:46:29',1),(3,'vnkpgngq.doc','X*x2tPk6h`D/Y^W:Ǻ{ ӧFX	=;qyomw`Ws;@ƽ~eLE6.M<&t׭FRI^<klv?էՍQZCcq8:*Sg<i&؟yCs&{)baUnٖ9G4)PjZ\"^>ã0㘗Se+v&EľLLap\roȃTaL5b:l=Gִ=}KӐ@0|?;%uČ1g))fC1υy(n\ZlF_]jDIp_Фjg~@!k+2b\ZET1\r&CrHFRV)vnՉ?\"6D(Ťk-7m鏾҅sbdaJ)1+K`utkC\\̶\n\r<PcȒPyNZ#_-<˽j}Nx3VQOL~\\C_\"Pgy\"y+Tޣ;nzv\n]^sgҳQ~REwcٷ@J\Z\\</_a}-7puM\"j~B^5V\ZGw7p}=AcD_rUAw\"-~g@{|*=Q=$k*.i+Iid+me=/	QefԅeHg$jre2|`0\"N}(x}LPRgPa:dҾxWź_cnSH+,C>ԡJ䍬OHx3Px$wmvZ~\\{}q3,`SUw?3w@dbYODb&\Z==ẅsǷ<U9$\\z$O75?Bp]`pw<5p́@N߻Zϵ!\r\n1R<ǡ\r\Zȏm	]RmbMw@Py=P\rʖ!8q\ZAȭl\ZNkQSUf>V(\rwW?\'Vn8N!=%;.Hϐ[wC3\Zx7\"HVY[GlxpǚWM037Քat:@xǢ0O!ql>:jluNqk]R<L$aLLQ)bȯ\0>Ug48Nd*n<QX큃(xÍo3)B2pt)h\ZAPcnƼ:|Rݙʮ(	=Р!XTڼWE)JDR,>2lIoQ1&ݷUw\'w ТDLCT<M!mDqwYn 	\Z1	P®\nN%MmÁ\"2V83M*m9g`ҜB2kv	Ҽ nht=Vjz,ٟ.CZD:F3O*.gAXG-zfĸopĲGN/g50Uo#e#c)MP!t	OKeHL͋^$wIݠf&uka\Z#ճA^Ԧɶ3IkD	N#cP9\nm\Z:K05#Q*@r1{i3\"՚0V^nK7vi|\ZN;)FAS@r{+jDʭ62\"zO@ܱWyc\"KQ=K7TmNO؉$fSʉᨻF.rZ/?Ss)H.08\nU- q>?g16WAst05M@lk24Kmjz}-C D&ov\'^zZbѝu]NH%D}p9yA_ol!r\\D(2)kP<9`[aJu}J nUd\r+{fB\"#\"jYni9HÁN5r2-[ibs_6rS~<ˇޕ?Qش\"\\\0MƍS\'0 7:{6X?!: ;X[V=%fX%rQtBު$߉B44퀣rН_^ \\?)$ ouo#]hc&{%SAyx?0R1OJL57H\Z7J[-s)2K(♜S1viy#%3}=n}@\\,)6M\"*\n!Pu]Lf!y<iaSPc[L7\rlei\'dηZV\"4U`s@[2k0gdPҴQTh_rq;zk:Uz\n*PP~s6(KO#$)]:$vz\Z9%ͤ4ӼcTx4\\;kVj`@YZ@aJ8l3B+\r-;5ZQ8TFrxR]ġ29F,bsvGLVxEUiHGs6+]Tl:xKz.%^\'i\Zu@2rM$ˎ=>_PC59%MEskjJmH7GwZ7#ʘ:UO80JV~~[\\JJmJSCNH136أ%X/^RC:/,HIFp\\X-Am۷9~uvj/vݻtj-\'=.ɵ|;Ǹz;UfPҳj7\"A,zL*0V\\oxȞ8)\0ȆN̥r\'fڣq2	L&Rӊi]u84&_\n\\Lfsh,FŶT9?DpP:>!|zY܄\0-ھf|i!\Z[!]Xh:9o\0DjVy*>MVzY\'BڔP%E\"yn\0\',햒Xd(UdP5da%K[QeV\\?`#[[d]K[pCKkƌ6ٱ$\\T=`4QfQ|\n_Uz)\0Rfx(CkE4)\\@l`$«nM\nf6ya4	b6)K#࠱JW\r#ns\\KHJ1y|a<xʵmk8BK~3\0۰oJjTCmg;ԝ1;mEÒqRWlӌI=Q3];xHXrc\\f&\'anzywl:D3\\%OޭZD!1BgmL+nʄktj;RNٛB_?ޭzvplh-nՖZ{&1*\ZUtz KkMZRģI;iT@PpͧtBZz`<;W%>κk]0\ZyHi1u,Q3ԮT<g|i?C<ܗT5p̀$\\t}--ZFUz]cREC Td)VzϽhp t~uO=95W;wbkaV9sbmAERm/&?[Dx-:c1KkRN$3OYŔa]ꯀ\n?Zx\\\r6P`&	33N9.ɜw`Bp)0AtpԮT%M 3b=WmR㽘\nKv!v)@(|tx^WKv91}Z>)NB^h\Z	0e|ַNj9U(Z^K bMhk<ުpnC\"U$aLH|JY}ĿF99T#\"WRr$<>&*D?.TCYjXיVR(wj]HfSVVB(oHPbG+1','Quad rarendum habitatio quoque plorum fecundio, et pladior venit.  Tam quo, et nomen transit. Et quad fecit, non apparens vantis. Sed quad ut novum eggredior.  Longam, e gravis delerium.  Versus esset in dolorum ',0,'Frederick','2010-06-28 03:00:23','Tran','2012-10-09 18:02:27',1),(4,'jcoiugknz.xls','*wr3/2FltLtx&:%>fGfw\0r9PC7Pe@0\r<.vy-L՟*|\'`&b\"z;qb{e8N\\Sʽ%$)y#W}QB&S!9\'\rB:ЭDCx6]~ty̬!.0DzWi@sL_.qZ4Y|o^\\9C<8w♈@FbXm@t\Z<S@{~t^VlSCبWwYKD:~$4ukI$笄ZG>m4Lm4Ǭ[i dvKSvj?{=M9x$uto2f	Yԇ˓)2\r*]ak|2=|4UgE9k[d$<%\nt\0d]%{Y\Z;_29L؃\r2?8UW<SQ6ϨOy崠OCHn#Ol;	ڽD>%>C¬n@6dM)bAUs.ap,/u -o-:7#ݭ_F}A 69(r0AET1Gh=!p%\"쇥yk}mhT4*\r\'^k3iC\0\nZx\r9LeT42S@QS>KS[x`G[(\r:߻9L\Z`dFՙb0QD	[|H>t\\FT|;~o!V9,gz޸a0(cQ2|1ei	xZ5b#UU&0~wG\\&\"UPu=!zKZA\ra7uM֧vJ3͎+tL->BC_@4j>œdapR$Ϙ3N|ji3c7[H%\'6ho \ntH}/p<qRepLx]XênKwO	sQ`bPWOݘ2[Zzk5uӲ&kA%^f||Q	_sx|+(\Z4Kѝc\rV`WA$|*n[Gu\"f?Q\\%4iʿna%ܳו)fZI.;=tPG*ؤO6oWx=oaRE5l55Q.Ѭ6qЃ	yߚB!Ṻ%*&B\'xBī/WOM2A˘t	dʷ1@2=$Dk5U\n0u+6v,6B	\Z}DA	v-˶ƉQ%\\&:B\\k,5f-TAHBXV7OXPx-UZ:ޖ	\".QЗ\Z3gd9{NLd}s`\\}ƛ*]fa>gRϸK\ra7U~MW9v:dp\r2vtV0#[%g^Nn3`{W$U\'>Gkd9`oT;,d1jd=U?(*Ho)Kݼa\\1@È0Tyh-Jg/	bBW9i1=T\'9	dT@w݀K4`G-}&9BZ@g(-Ɠ6̹K7 =ߑ=/3**csh\nY ((Iz`O7wY}80Kѽ;cmiw¿8>CZM|?S	~nL4h>VA[\rMa$$TC߁xhrhp\0Mn!b/ƭbؕwC89T#,&Op`3W82zTM5f6dϵ_yD_\0\".vyx;~sb\r@Y	4ʿ֜%<-,w-!Uʩh|GF<ЉC,[i\Zmх!s$NvGQAeQ!\0\00ؕxhWلsv\"x$44h@\r<AG{l1@\rH<>Z\"q2\0h','Quad rarendum habitatio quoque plorum in dolorum cognitio, travissimantor quantare sed quartu manifestum egreddior ',0,'Calhoun','2010-12-20 01:24:04','Payne','2011-10-17 16:23:59',1),(5,'ffloiamft.pdf','SmiϨ\'G #IO+L$ǎ0yZn	Pɺ.qpi	M#\nѳ?W+pUka^C.(1ԭz>~D!^q%YK7xÈA#N]Wt.<@MCxlt.+;`-5]鎘Ƕ*\0ծ>k)nIq~: ɡ\Z\"xm+_-4{N;Ӽ\n%aG|^(eEE1$J=SSb{7500Цqtv&U<E](, =b|܉Tx)#d\Zsx\nzS+E8NXi4^ŔZ.;^ow\nluPl:}&T>Ϣ_]=[\0gb6>\Z;D݀C\\P5n k0Vƪ#@K!áA(\'G<-nEmC]n!\'rHf-)XjH$@>c%?Y(%F\ZoCyT[no6N[@JHeu	psF:twʥ%.FIrih1R0V2b,nC{&	7F6wtkO*BR\'\nMZ̐uLbKQsLKX9׬jv8^RaHMְ[]fdM{F)mf-^86\Z\0˙-k}[$/He؛..z`U\'Uk\"0bSTXfu<1Zi1Wu6Ȩ@r>2pBk՚t\03\'Ju +(y?lwk]@;zQ$u!B( 4;͉8?D~!2:ݗYA}M\"=!o ըc$ۣb\rHԕnn[k;#h< .}LOQ)J\"/o&M/ѵ)| OjlcVwmGѫ J@Hl(^\'7rkz(`̳]	~OI\";ǭ;鑜)t5!\Zau{錎\'=~=\0/!e	y@9)\\8b%:g7\nHEh2Ac3D^^k5+:zKi^?OSM/t\Z[z^czRYP26\0]S{=\\-َ;\nXg1ڡZgZ10&i~Lf\Z.,l8! \"ఙ^濰P,,o]El\Z69&0\\O.@oD>Q%Z4kmhyFƊ%`{rS\"~OQQ\Z,Ry(h?myyF<ͩÃo;|٣O)WJvhk	[Y\npZM-q [R9Өx	7nj	0V#)p\ZbDLB*	J2~tC-АmhQ\'?\'c\nDc/qbG\'(6	DM5_<D.&$n!t|?]7٠SS5ܻݹ})ރ\nn$f\' (۫\0\n7|*WYNy2^rԀJ\n&Iu\067)pRf\rI&be!bzܗP\\Ot=<4Üh]ԯvz1:I#atg\'ZqxDy@7iaӏDNsOrvA+^3p	\nu,R=}ڞwHcX?D]+_}HSQ]͔şQ>\ntbVW2n2sLu	~)kԐ\"JO?r:al*  x)G3z?S+rxdϘMNhfnMc\r]\rU50d7&x&0Vv޷wxs\nyP.rTi݅-Vz𜵅4SF#,\rٻ%½w5\nLd.̮Mc/	<\n=^pừׯhW&l]>5-=)COB&U7=N@Nq҈-B+wlI1&Z-[q23!;?[66э\'@K߫-/ iT\"|D16SdRCq9Z0{-zĎ$	p7HO۲^j$n%M\r{_jB;\n^iWQt]U[oz噲ooZcX%-`[yQ\\Agru1&֘Mit$WdؔPPS$2\ZxfHX=6MGC拢D\nh$]CsclP\rFzwV]4q!ӇrFCѢ(\n8uk*ddCxu8s5[444x{Gu#<Ա7RSηoop+cM23i\nj^Fx]2(́hMd_\0UӇ)?צw\'OHnGJn,=bہ7n݉bVR甊%s2yyC\nW-k;XkS2=Y)4d6ZSH]#\ZƺɁ5F^jm]D6S&nINnL%c{:=4C>]`CV$՘|:cѯn[7Y7X,Cሳ?9nm	mZT{apJ{Rd&-v1s-(}s9*@ϸ6NO}{r7Hr3X!_ԤiI͒x\'.URoKQfq\rw^a<CU jjV[r3#NeQ|%pڟa6\0+wp5hH)wE@\\$Fh9uGs3tS(xo@`47U8+bGq\'7Txvy\'\n6T71`-\"[(`ߠ6CY[:t0E7x]gW=\0t<6w yRpߙhC&nA<7|Ln2&392psMdh}:=|VS+6Y)Vv&7P\'\Z1Ԁj3IT\Z#wK?,$`jZP^鷎ڪ9EtJvmjmi/|m,0¥Qy%&M!nxp%z\0ux=\\]\\⚊]tF| !{<83m)R\ZW:gjXWBR[!|uAV)Sӕ 6ũba*ͧ]Q`ԉ/\0怇ݷ+1847bDzY;Fޣy>}>4tDֶ̆&$ Rͤb*LDϊm 5oC}D_\Z˿շ7ckjzp2T:=Fca(\Zg5ۏBbyh UrVVH6x[mH~GqG^lcr:9Y5u&)DĢx\Z>bT70SofHYb\"iukJcѰp\000ÚY_?F~PS.: Na9QIpV)1#jKR$0-3~ɏڙ+]\ry)80j\\;ʧG}ڂ5>}0pڱVYD-6T(!\nedp)0ɕIxU+Pp-1KrRFSk*O-(p@uCUiI!3HrL^jYAĨaݻ2\"L1OI;9#hMLҮ8On28i7 <V)7.r`M9jz,(\'p2<!ɢV\\_g~灇LɮG\n!r#~\Z{>LP.Yu𰵩W,1];OlH{Cn\Zki>uU䕄m	ɕi;糼\r8G&%rd%_g%+.L,&1ǫM|8tDscFsYzA^*cT|A7iZ)de5p9*,_E1۶ecyw<.\0l</N乔VLXfUdobn$P\\/jHiTvLI2e1?5[prBR}[Auޢp٤`=GMiKLT;\na_r5%S\\xI*cy;]IoexE`գ `rhY\'ٵ&g%Ɣ:3UYYIKQݸh`<G	7Д(x/9VdAV;=@#ۛf\n`I|C5-{I@A-PҲ6+|OQ&ݛ|\"\'1hr[sfڽThfё`-_jy\'5LiH(B߫9>c`BA0GgI̀gFw\Zg(zG/!c/7=ө9Rea/:$XDwo;cA14R\Z\r1y	Rlϯh)dEdE!|;\'Ꮘjad4tMnfC3;_gVC0dk<?r!>7D_gq	\'	?\'\"ZAFŅM3\'6˅\\Ùpzl!V*RjL)5ӟҋ_WWgEǄ	=ky2>\Ze8S?pa%\n:=t$F- GA36<6o.DcZ^\ZߟjCxxPm\'YW\\~N)ȵ2ꥍ[{HX-xN9IpllvH&17*&ǵ/dh[04ħ9D@MľZ--\Zf#G4W;!gܠsX:*x^*AAqԊ19I>=Ww%Dje\\:sR:kvKUiZ`j]7-0BbLo߬<9(?Oڍp\rBCWzފ :dOfp^m¦J1R!p	t1*?mlK\0zb`mP~>cMt[;Ăm*^YK\0fzQD)Ia;Q^Vg>!&GnmW5C	z0Lz>SRx;?ytEEE:+1Yn>!A\"1j\\rTc?\"S0lh[jK_\ZxàBJ.	BR?oMLӵ9[|LKs`=`酈%e_*&wyW\"1iҁ=(cN,E6j%/k$ҶT%@zPv)LRysܦ4q~nCzA8<^v>6Ѝ͞O\n!X.2NvM/Gmruv.ZŶԟj!3/ڷB]edA[;VV`C6C`8iI#^da׭ܒ_c䮟MtM\"[?n\'c\nBm%l,D>\Zkԣ\\\"6|8p>6Jmqjs;ٰ\'	\'%H%jŷf1^-dN9AU2B,THFEcN\0IȨܑاhJ?b!\0}lŀF\ZݗmN6P0dKzYj&\0+G\\\\qvwH%Ϲ2TʅsppTQi^z!bL1rX̒`\"3mSM+Z2˒+d<\"Y.]]:\\m1U\"515T\ZTLiZ^]XL6q	TŽl5ŪOaIvkQC[O@\r}χ\"gs=\n@ElΈ5PAi CߨPahZ28o!vxl^WWHa-.hZhRTC1!w\\k-R԰68MpfF\r,%~EF׃kaB3\" \nʹj/UY{i_&JG:i;4Zh::LHgMl Y9%0Fƽ֚*{0ȶ2۶p}vkb)c<q6=颿h}ѯj9 %əwOJYSєUmѶ;yts\0䋄Ug;Ώ+ϕŁɰnJ^>`TCNIY	ml1gCgu0=I{(Con}bOqs+ 1lHque<¨D>|(_v2ʯ8j\\ټ34k2l2}dɐ5_JQ\'\ZDre`\0rkP915Q+4\ZdX*d0QTbz=T\Zˣߡx>h~7ú7ER2ղjRQ\0I?_y%CUyF9&wr\n7EB<@buN:\nl4	c-_А\\=7h\0-sHYgAqي&2ԫ^5&\Z!4HיxrhN\n.GSEkWQ?V7ż1g9FN$+IA!/#{nƲ8TTNE3$1pBсͭ\"IWiFx#	`+fI&_/-\Z(CО\n%y;!%gZ\\#XVPu!^z`b9t{ -tU䧧v_c`\Z2qȆL;QFe\'_(`D㗽=^_ n%b?RoKQ,>2-6;ʤkFmrց21f2f-pbB<V}Jt?#0xF./[nVb{	d*^5mH\Z8xVhjTʡTwoCk0	6qeT(:`3&H^m8\r¥ۼEGL䴞h(>o75FwSp\0MK;c/WɈ̒κBn\'Aeaˍo?^,~%QeB,0\0129@K߸*q.@6a4?磮mr6Dq/mԪZ˞ɣ\Z:\ZC&PxJPWE6F&Rxi7zU=Amk,㎼EHY//xh\nn\\b\n\0[\'TǢ;(`s?!),!Rz\r*G\'&;e>@\0*4p>.^\ZH\r?;yvY-%E/*p tv@D^ė8~\ZG|˸GK$S\ZZZx/^dafBKo8\Z1Q*q	Qq~Iڬ!T<Cw8?,wlܕ!$8I<c%Ӌ\nEʽ/2D8m2w\\dmؖ㛋n\\fĬf_>4D))=rp<oE2t\r^&WEVX):\",l/6%#ސ\Zb\ZF|WA(=w_1z(`3}85/\\??=áȢX\rj8ԫK[:q0&\'#\0-Zr|W-g\0ێaiԉ#.4\nC-ޯC;&R_uֻѧ30~?4۹Mәbn-rs6F#;CD0ԶKÍݠ{\"Mma7O#&ۙ	?T2Uvmet9Lf\'fro-PelbL$L3krF~GX*K!6]1iB^>W[$:]V8&Gt5;_6\Z<&hdkCli%8@{)]! f.XVV?:n6z2wJ%eY>G%@A\rOoiw(>|Ͼcu,?nmPR19n(q1\0:N3b퐍 PP:rnx@V~o6]ߴI8hjT\09u0RaMuOʥ&eQF<hj,5y?EtΡԴ\r\"$~%Leyb񃤧g]','Versus esset in volcans essit.  Pro linguens imaginator pars fecit.  Et quad ut novum eggredior.  Longam, e funem.  Quad rarendum habitatio quoque plorum fecundio, ',0,'Reynolds','2010-07-23 00:26:22','Wilson','2011-12-03 07:42:40',1),(6,'qtdkxps.pdf','gy\'ti+|=MJAp\n(:;m:l4W(zd,єd1:`itfdowZ;Wi5,4h!sTj!d[)N3u?54mv@k߻4?8NuW*}C7ptf:z.Ķ-&1PAvcV	ps)\n^?CuPL(H]	ϓyP1)ѽyؙ:̝Hdtb\\}\nfzV	DQR@*HC+2=Za+6#R[br<	;3f\ZNlfoa9hW\rQW20\'#[YUclb6MAX?Dg<53\\aB;ZrkzR-Ś;45YV?VUkFĖ\rʥ4ȨDT幽\0Q֪e׃P#@ՌTNˍ[ؿ3FM20*y+YP<	\Z(Eney`2zI$f/\'Ild$JkfD;\n4p/˧{BG%9#\0\"@.Fu6AqdNKޞ\\\ZãrCi1$\'~㊲u*#|.EmnU++8Nq-^(ի%q-\\h\0.*YdPlcpj̈́UveD8lFDA*Y2|Fr{nE;AɀS݉l(p\\RF̍ʖ\0`VlTN\nFiaGxkis+zdΥϔyf՚SLQΚyEA^ϱaą\\f\"ccjŖ:+EN8_\'[t:\Zx泾&Ajp\ne[)@I3ksl\'\"0\\D~aN\r2U拘&eВ)ծ\';+ʲu@M5k\"}{?\\*1ם9,Zu$b$|EOf|\"}E=?(#ԃA~pM6	^YxgZwV=j!I\"5w.p=ԞX5 E$(=Nq?4a5je0\0*PIܢփ̽;\Z@x$v5Rꄒ\' =r_\"<%,c0kPuFhqsňf1z^S\r|C\nW?( YJoً- 1g> 5e*,=leDа}>T x\\B	COw?q#ڠ\0݌\"1l 5gJq0C\'B<[d|!ZaYoU#횞_RP1튲@xV7!%XF;ҡYG%]:^5ɂ*W٧rvl֊fREΐ[xwDHz~Ěq\09q+F8p:~\'A/ϰ-O\"&>=&grĆ/j@by3p=)]gIܴ]фE\r3uS5IYxiv_\Z;ߏڦ賦\"Pa3w`6.Yb+\\MVd9sB@^gEo5!Hy3a}2zصlɄNɬЏ.?ow22 CM,T{PQnfG(飀NqL\'6pY[qǥ8+μ9^΁X̓S6<29 jDeR:#{H{\0)*]rfSV#+:\Z}\\ڐw3cfM\'_IOj\"\'C̓>rn&\'/p/}Ѣ%GJb &}(/P]T:۱K:0W+\ZCqQ^3Vxm\03ζSp%kȍ.}}r86*^d8\"[;50r7D\Z:ii(F(LG!^	6}R ;@eFLȋ*QjO\rtrϰ%?J!;+ྤ#Yi˱o>͛<\'i}	{p:CNVsF\"\r\n2Kza^$T&E:\0RІV5]-~1\'f^!!aĄ}+Q5c]j	َMhr0]94|)_s6r0<3;*|1UU1v+VH\"\0bx+^Zy\n-t.ۨE[F;QOj\0;Kw\\f3P-<˧ϔ\"8f:勏	Άؠk6eXGM|#\0[V\"&XFd*<.ɇIVsݗ}%cSkk$s _\"WW!;	x/R CSѾbTR~t/\"剙cFrTNφ%4~c>Ȋ\rAu0	D\n1LZTHv+؅8pvuxN,DE\Z\\bNY9\\SEMፁ`;t˚դ\'nT:1YuP8NBCjn&M]!GP!\ZUIk8O/ .2ДW/6O&!53vcNIzpNZ߁Qj鉙عY#4Rgx9b8ʋ_X+p!t8\0ef?;P_\\LNˠ%B\r@3`6^^m42b\ZDmI\r#(A7q`.`\'vUjC u\"?̆y!El\Z]5T\'Arbۘ4\"5`02܀AhӮQ:UjlAWDMb%`Yaiկ@t20v\\܀TJ(mVuuO7 ZW\ZB.}%Gh??OW^iiy3:\rdG1iрfR-t=k1`L*Wss0%J\'̵)&lf$ag])WW&V\0\\;åN]J]Ki.+8ou\0učʖYRX^Ƅ̨pG2.}m_!M	Gw̍JEcp|[!ݨW؄U;eɴZxH`&ILgbA\r!r	ew]{SFQ$\'1ƨ<STj+FҠөIKDEǫKR[=//[|(\'Oql8Mϰ,!=2(*\\Uv~M=S9ύR	ѥF|by9_:ߚz2.ֶH	Ϛϧu%EoSsnzhp[B$rju@O0^/_&\nb֧uO_a?Qp^^\05+owkГuFa\0kp_)u@kOU`/}m[CnȦ\n{>/nzMfiE\n =	큘\'/%-hZvʴ	\"p#p\"cZDcvxWr;X$BM؜Oj`Q$XqAQ*_	 x:\nN&\r3|Y:ZN*\rrQiV0c\"]DĭXLlwI]ѕCxe4Iģ|4o]M9%(Tb.UkR%A&KJ>k|f[NPtE`clEU_G?.p{XWlN(;!;Ι5X~ xZ+o󹊢R6?CfI-m5ZFʤ-]Oj}K#Nud5zi^[\")KԮp6&/Y e8UYH\"hR;x\'{cI~Ia֯-ztҎԤ-*ّ7Dʢ5V\nYnvP䤦PAtGQBǴմof>: |\"C`5`ɗUt\ZQ+24]܊\\mReZMgSc*bꁉw\0؞*m)mP`+߅kyrȃչ\ZK9Bypإk9{2հ=i~EuLBDv߲k=rvx\\$!iܥ8ש_.H9ԵDi*s\rP\Z{⑚@>>ӣ{TPT?DLuUQdXjܢ\'M8*W#q[,\"%/gz-eŶAlJ.3}l!o=e2L$I6&\Z<3H?Y{s4Xo8tT\"8IJC	&+86L]\0]Hj1[ez@Ϋ\n/mޚ-nљ	#-=#O}O`EѬDB3/ÁR','Multum gravum et nomen transit. Et quad ut novum eggredior.  Longam, e funem.  Quad rarendum habitatio quoque plorum fecundio, et quis gravis delerium.  ',0,'Wilkerson','2010-07-18 08:56:34','Fischer','2011-08-02 17:25:25',1),(7,'frxwjrjkd.pdf','MGJSnҝ%b4AK_qeEn !R_lgTI\Z[}P.U5i,89Vݱ/7zlyșۡwΏC՗rNu|\\mQ(y(p.ve0Ć$7.YI#cEMOqҦ p>^.P86\"/.m\Z)25d8Ŧpjֱm79\rUsr7~eњVkY>G!FE-N*m!.e@EEI.B=3p@PF%@KkӏJS	6\\#<IdO^Zp\ZF~@I3R~9^*9י\\2_`jAހ9$=kwqa21e\"2[8G94fh\nDrcJՎu)6\0d䯃(9rn\nvweK0pf%ssd!2Y8gj璣\0:L)V3;!fs	~Onե&Ԋ.Ҋߔ!_z*@DL}27zRJp?Gc@*|57BaTXdΘU͉~m#Z-x(w|`9|bffs7:	/ׇt;*g66a5G\n+48#P#ʘy;@&qViZ#Mav%PV\\ϷYv/恫GqXgǜ-:;$SAIzz9W\ZrǏ\Z+hrFW[2\"l({ì~bO\Z3Z\0+MxC7s~\\\\[vjpqͩ=E-4#FG83о~ߤX\nvYo/7Kb#7)>q]rhg-L=Ge<l\rt~tutbE e%dS6&Nn\"#(GX(3/|Ep׉Ds\'>Z[>YV)V3f;KI\"\"F.-]_!A.5\Z&0iDeovlGd?~h4ӷy%5?ggåb©Jjy冣#d<1\03vܓ\rR/&.8݉YČHx!xIR},;F<@r\\y\'d=1Cy\\@D	7sIy,m4\nӧ\0(]?~EfJo\'\\Q5An_[EJ#l/','Multum gravum et pladior venit.  Tam quo, et pladior venit.  Tam quo, et bono quorum glavans e funem.  Quad rarendum habitatio quoque plorum in volcans essit.  Pro linguens non quo linguens imaginator pars fecit.  Et quad fecit, non ',0,'Leblanc','2010-03-20 01:43:53','Ibarra','2011-03-22 17:39:53',1),(8,'ccdqhyaym.pdf','o[IP^Q\Z7!e.U߁(\rhޞdZ7O[\0SW#[(=#xGrЈ`dUK_]<d̎Yk\Z/k#qr#@B0oapCG6Ze(Uoem@їhRsbIIG)\\|\r-RO[Vu|G4{\0A]N@NUr<\\-RA|	y؉^KGʧ*PICpEy=/yn4Qo8*u<[hǶ\n$wc7E\Z\"t\0mfMn$Fn۱1;\'砐\"VQ{c%l.jZ\"߲%\Z|_ʄ4Xx\ZaFqA+O)Ţy:5:kJjI]dEh)lqp0\'Tu%STp~;XB55RfyOO8z+;1hR@t42_\r	cQZn͒#\'-e$RMI!6Z\'YT-UfCg1̶T<$iqO/:oݐ	PZ\0b`W51T6v1{佷<,~AreJJ	͟+q8gKK\0\\ #+v驎Ғڐ`Omh\rV*\0\"|\0gYal@&!t[JN?3~ֲDD~:RgƵj\'{..*LJI`0ѽS;q+ȢN$kȖB\r\'v	$:	K<%D\'K&_F\Z$C*9TKqKN]NrB&u1OdC1IY^3zWwejl\Z}_7\Z@jsahL~ŘXM tAqO@L.z/H=\ZX\nMhtR!SHdcpד3n]X<{u/5Ӎ&uh[ikg#3l\Z?ՙ2fښ2h%,zs6qyģV%s9}щþ	Twޞc֓\0nf=&dELĸ8NMX|W0ں!V+VX;g\0W0rU&qj\0韋jGTh$V[D%*}n, 禌;MfIi`Y\"ݞh\Zߪ06s/:i3{Cs=72|Ljl  ш=|Ci*$Z.MK\ZwRʽ$K8Dl\'\"Qm3<=Q%Fl\0_GEPԫj:V1-N&m%/X=o36Y1`4@\"y)z)	=D51V6*B9(L1Ÿ-^Y$4/tRC^cXzB/疅*ĔZG2YZq`K1y6Q vu`?f+@dq4txB*KSK]5z\ZFDط6c\"fHpNhd|u\\tj%\'Px.[2n^WeC #[5| )i>tVo;]\ZJY6³ZN6+VjG:JbGA*g?y[fh%^<lb9H*[z$\Z<fR<-\nepX6-p}VG,&BBM!\"\Z3ㇼt~p}B]lbէk\n3Jƌ6lU`õEG^,9(Ys=2|3R>5hh&;2WTR~(	SqyP{gNk\rxf,E+Vnh $ٟe@B|weOj%hnTb(m\n:/I\0\0՞c)dv\Z1&mWHSlmN\\@Țs\'pF.WI{23(}ȹNEڦ7#Ա@<Ե0J:V	L+h?D_%pJA.$t6CFz<GM^yH!Oxg/k_o(h3m2 @<Vh7nĲʛ5+KL\"[E\'n-\\FaTU(1Е!\\\nzFQJV/`({U2wK;5:.\ni zqZu$ft}9DHz2!䀎bʳ}t8\n<8aNm@4+}ϣnG,ξ<x|iSPRxY;kKXىS\\*~UK޾w7zhi/dr\r*޳\nWر\0\n/5{\nK^\r8%[B.*b\rcϜJRsctbuVQEc_{BF\'B#ҵ--tZAX?9ŉ ;PDQ<,(C^fA\Z7\r,^jfߤ䰁pJvс7h!g\nkuk,5\rH\'AHM!droe릃뒩ǣZmŘ,_J..\\jrS8VNP]xkp9ldFBi\ZvTxɏ\'6nNvGϤ_\'2}zt8ևΓArzsH, Vw^L*@\"\'|SS.rޒ4\'Z=rYV/v.nTwLҟK|L>	8Ks$Fm\rf%6+R70+aYo?	.5X<5nMrO%/fF<\"U[ရ:iyE s/[@]]2-+Obcx\"sgtZkMŔM^,><8cG}{;}!*{*Dd4&n&d|}0Lj#5Bh/T#Vh0t?q<Ӑj8wR#n(;;B9o\'$RFAyMْЗT1|EBfq$X8t\0=rJӨNsP,JLxթa!cud!)$	5}prC_χ֔vu o2\'A\'e7\rI[u\nmS>e*Pg.ƷuNI7ISQԚX4\ZfZ\0s\\wK&-q	D1+9j=7 0f{2 #y\r1<+?\"(ɱV\\IjHuyQð?YmDo^M׍IR>Y)7k4	=0Sӱz4\Zf<87Pv#uxFd\"u|8m%G*+[mcrJJ u-w]`QFߪ:	5~6u*#k#BO\r-̬l@~L<TȠ\'ኴ\'ZN[*J*׊3+Sz7%xm~W\\`\nH7DK@\n>J,*-\"!zL\r02֛P.F?\nQ)\r*}zYN\'S%\"\r3\ror*XNcw(a٧Yߗ9c#nF뚪gGYȱa,o_ޓ6Μ(ENʸ2_{:7]qb&zu]kOY7<A=^3@!q*\n-CQV\"ff4\"N\\@EVu#-7\nwᅔ\Z}\\X}sU]{+>\\J\ng[zXE]i1noXRtV\nhОY?zҝ[Vr32?,gpM\\ܐ˾DӞD\\GAy㣉;Hw+,/v:§tKtp	Lm	vUͧq\n=!|#ƔWno H+	- ӊ6Jq(	:^8Q2%^8$Qjc$Y\"	ϣM爠d@#VQ8ߚ:wT525GOfΏ}=\'U)E@&!\nx˪~\0աh \nOgؒsV,\\hDFa1-}==f?CM|msZup%`R,*6eU/N0o̢Nla\'Ub_G[I<QϸSAOnFJ\\y#i`qsbaI$JPcp{A5_0ɐ9QmIш̓̀0BcPt엸뙠])|܊NvaB@-:Yes\Zm4yjuPoL*uv!9_}[S.=\'veiblgq42jVi$\ZB2dEȶ?s3ϗelo5`m+43bZ&2`N%b6ъ#5?C*:.K*Y9ml$B`v7Ĺ0k,\ZȜ(̈́2S`nW⢅QݮORsV]dKU7BDT+9ġUC1*=ُ;m,<~qа-QPa+PU{Wu/ta++k06.$4MP[YW\ZP[KDިm\'XS]\Zݾ@ج\n]l.=`dT/\'K* hNd)-LG%`>E b˯3\'\nuJtdj}c\0^tE5h*I5._{#x:UQ؍D^o[o-}7DbYl$l8HҶB0|@$cZLW35u-^|4BhP]xfRLYxj4VN1\nW SWZ\"SJ6Ćb,\Z-2H${\r6mG; [}:	J9];+JNҕ+ʤ06\r  \rmmQt[wdmCSuuFh6D9@$U3E\0.Qֹ[','Longam, e funem.  Quad rarendum habitatio quoque plorum fecundio, et plurissimum parte brevens, non apparens vantis. Sed quad ut novum vobis homo, si quad ut novum eggredior.  Longam, e funem.  Quad rarendum ',0,'Newton','2010-11-25 07:21:31','Garner','2012-10-22 21:01:56',1),(9,'lixmvej.xls','{clTS`	^zmV[\rgZ?s,,Wǭ}1Ӱu[nv$ j~wʗFMm*\\zq`ùK8\'	.\r^XYq+EZ\ri1a[@Cl	=onG*!#njXIňMpNyznN7\'ǝ\\ {,\Z#Nwmdl3%62T`\"<(+5\"V;?E9Gi6V{ƎP,Oj.	J`%O[U~[g%xBp.0BpC	h1+\\B28[uPS!+ⵌMH\'T_cƠ1a|\nby莣Cywip\\	O !0G0*&0BPYv#]9Hsu|Hڽgs\0jj*K\r-\rG8cYBm\\LGnMvI)Nx_Ķxez|\\џy(,sw౯3E9AxoK%}1\\B$3ͼ5bZ/[F.06ALÐ&uhGЇB&+g%v\rs8eao_.ҽ{qDg26zzӗ!t+};\\v(>׭|-Vy,$\'cqx\r燣&n-c=Pj~\05gJ/iIk+u%f36O!;Q\r߫m;6&*n륂Ojv]Kh~mnSq|\'YuN@\"_?_tj8m^3k`(Y(Wa1gǯ2.F[n0XWJyл妤\0<Jl_:=J@AʵTְ˳56`;#P(Oz;{fyk`CeiLyh+?{8`DIz--7/v9N&O+\nBS;y\\nupy#bvTXh׃/N,ړ x#ݚy2H3atJ5}a9z\"|p2db2Cίeκ^)HIm\Z\ZY_k0S<0F~ug^ɹbw=m5w:6{Un_!;Yp-,*{|0Vj{&J~[ݦMӁj$Ja9\'3UxГ.ܡ{ll-3\\|[4=,>nΨHK̟$\'DsS&\ZTFO.D@_ܕF6{ABHyb\n\re]Hǹ_kMJdM\Z(d=ٱa<kRK:sa3E+^s\rq|n==ZpX|GL=A#\n)$\nȽy A6%,7Z<u,N̖P;F4SP~KvR`yt_cBW{Xs~ aaY-\'v|i8X7E? %%\r	I(GSprdWU{|1\Z=Qئ^ob{WQ9zڝXMkLcy}=Lɥ\r,uwсߜnny\'K֖*\0YɨRжy8{ePY\'YBwb.Kwep\0hUhW\0.jVNYT|{v\"MyqHw69|wN47DxVNHVEJRҼ#\"_*yJoc6@37<F\rKm켽3-\Z!a_8]i|9]glĔS5uJM\Zڵڪ\"/i5I\n+-w=I`	7\'3pqyF!7BYǕZ1p~2(PRjPIurj=CE_	anw~c<y[Rn34M\r/i+#hm3⍩7\"\'E!-Ij\\4}<)VX+W:P<o֋AP0e\r˵h;ڔECiBga/s<E:Yȿbb[Qyj|C\rˆ-ͶBIxQ\"T6/%M\\(!#a+!9^/¡.1?]#\"rń	3*ܷl~D\\+-i<b%wEg];vM6noh\rʝc^đ97|Rv8_6Yv^;^x9Z{RԒH*4.dJ\'k{[*q~.U.\ne]Qנ8\\o%ָD:*08MPm&9C@ӿ鞟0HM*ar0o^)[&&1@*8cJʺzd`us*\'1\n01(^:iˎWF$8ww;{h?{\\*=XB{7_s&?jr54ֶ_|n+vSgVI1EzZmsx!t f6#f}JOeUGD7.\'	8oQc\r|\0H$[xk抆\\Evǹ\\6=vY!		J}mgU~`x>Ei]47;7|RVY=OH=4Sn~5s,a_^K䤻\Z8 Z\nOܦz{$,4(8%*NGG6 z2SyjGwБw,Xr\rJBWZ\0ٗ}0m}<YŵhXy0vϞEOXԏоabR<%meTj4a_n/EmWy_^QcוWѷ-}\"=\'qYy5sEC5qsteKǠփK;\0-fb3x>R96˂k6%D-q\nB1m@\'3f.LGE@4LH\ntBDlTaxmޱ(\0Lo:GWN\'ˡG=t~Me aBS[QD(f>j52\"6w>S-Х%H&U@H e/r\Z׫vkn\0e~5\nbX^\"-\0$.cj% 4]Za_j\'SԼh4\Z8=o&*<A#ΟLlV3@VX\"s4Dk7/(mXhOjstJp!W;P|ߡ:\ZZ	].@Bhx?Ojz?sx9p?oKYE`@lcRǀS\re#(,f71p5g2 ׺m\"VbLy/\ZMHxP&|a` 5j~ja\'rxx_iGBHGAr\rg=6*<	&\\u;A6\"\0jȐMe\"dyh@̜XIlB	ֻ	\'pH|xIu\Z9o;??ƍ`XAs.T͹YyN(\'C$#VXSk7(qJB]3Ke҈~OĀLr(IN5SY81ɶhl1Hc[[?8U4me^\'yZ܉e. iֿ4ˢŀkU3]W\ng[r/-ӱVpt̀h*c存Ù+%@IK۽$sLpJH%ߒ׿Լ)9Foa6{|١xͣd1	_2bavQCW\\P<rPGڼӲQd^RVP\\|Դ>|c=O33_~8b`\n5gˏ^Jo<W|3upUӏS>\0w]#&e8y\0W`ej߭}W]=VTsTvVJY\";\'\'ތV݉Ƈ+#ia(B![L6,L 8~R	c@Ÿ[IX2;HclÐ#~T\\|IG	\Z|aȴUo64]<D\ZlNAI+%cxcR~nc#Oy[pp9 \n]HEV~QT9:n*|)[1dԏ(B\r~fX2d=,I~jsGm~Az\\CE[Jc)c]̫I,}cykoo4BAq;qm1xtϟ{L۽fwAHa9B|W&3cgE/J l\ZwĄ@Z?J.¢1/6F!~EП\n֔^<I\"-MDO1i(K$dї%_nB2	tMi}mkſJ[pS9[Y		D<.k)t+![b5wzh\r\\nYx6UobK0tLvf-0SЫTtuLTڷ2D$X\ro%9PFjEP43\\/ӠFrgi$\'XtBi<|>YO)[DXG(\n_f/dE=_T]_ ]y	$m4zDJzBD\"CPs#}R*ߥUiz]_\0WC80^;wk\rucLrˏ0й+Y?M&++<}ьo#꧲7_\nŠZ]d=FS\'i\n%Їx9I1Ng/.οIT\rxUY=H	hn\Z&o)`]c>qMgٸ^vcP/]I}ُpIj`{G/ݴ#UZJbTϥAp\"1Z^..33>-ۿ&[vמBɸ{+-+.xhͰyk}7TWgc!_˿ϔx\r4&%R]:rJԁ=|)Gm!`t9^q0p쟘tN	`0@W9Qggˣvza|+*&mWONڏQKuԿeE5(kؓŭÃ|0\"A-QBmx<rgRG,͖r\0#x_jb(`p(6l$[::?I{)ʺi|Z2rnh.P1/6cFыN!QB.\\W:=֪vu)g,׈,\rdpfӼ߬~R	G\Z<-c5CZlrD#bW%*T&\Zhd/P9.nr2un5\nE	}cN(̞@Q/f8|PHvAi.\ZkR+%ؐD\"`5Ti\0U洇VM1I%#*lKH4x 7p0r&\"pGX!Ew{B\0\02$k@U)]m.\ni$\"pǭ&fS?Vyq7&ȖhFf\Z,WƲݐ6rgBn+zwLp#b=rbX]5Ǘ]d8eCw խ{L~\\S\ZL]Pd[i/5Ato\0ʒNRkBK,LpꡛHń䒎`nAmB)/I','Sed quad estis vobis regit, et pladior venit.  Tam quo, et plurissimum parte brevens, non trepicandor si quad fecit, non trepicandor ',0,'Ewing','2010-02-03 08:40:31','Richards','2011-09-05 12:46:59',1),(10,'ucgy.txt','g\r{\Z\0\rz	ҤXOcSڴ?盡FG\0>Vvk)/`#as1}XJtd{q#ʲ6c\'|?מB]K\\Q	ZcLHA$3v}FJUmAFsZ)%Q;5+C̔/PPt}o&@Abn\nAp`Pŀpc^2Lvc-]E;W~!W4I2oJ;(\"\nx*ն̦ѹpK]4(KFy\\5o1ǱKdE013md\\\0!iu#aH&`Z?\0N+xǓãU\r-\\z^mՕ[O\n-CYח^M5V!\0_AR0*$:|,=A\rأ\Z\'ۗ\"f+܍P6hq)Y?$\n§oSR#L~3j;Mc<)Ot4YM+E2n@KO	jFv|xJ\0q̢_6sR0EU\"4:8<O}7GM3#tUrmiTJ_a{N\0+ܾI9-V_zg]\'2ٳ	!%^_jqԘQHږ~E3U\\i6Y]+\r+GFܪNx\nx2m[iw$EzT\\c\\Jo&DR(fǟ!0>^QstRɔE(:r?W4x=d]MQz^u㌓`*P)\0\rQd&Ij4$5!:#mPjgk+f~7IH.j=iz}5G(}_V!Tg*p:0zFT#+tXpNN׃EЊEl|~Qsz+m2$fxZT\'[-9U^~t1:(]1`%wϞ̻6Ξ#Cq/@vKdH\'a)UPV}]Gd~-@FZȊ`KbίFUi{g)=n3-\"]_d׀U2M#-rk\"BRA}3Y}ѸRWf<w}x$[WD\'Y|\ZQ7ru.ZϤ+4ܩǕ*v`̮v\r]r\nyLoKTS3KZ!-_EGF,쒡*F>+\nuc\nLCWpw*\rGSFe<\"4^kv\\}s.RzJv^J*gK-olM{4ype^ΆT@WUH|TcGL_X	H[`jj:1U@y\n5X+l\0][9\n /#>Μ0mc Xq=x/\r@%\nr/7f;r(i~1|x<Pn3R;\0/}\rtl,Úb_1dpX߇KA0yS]VTx+05@\n	G/`3V6;fEIudIp\'Q\0ebԣ6F#ׯ԰ħZ+bsㆫ@>\'L\rxiPTCĴ.>\ZQW!Ck=gv%´bڼcHwst£޽2=[qILoA:e=˼+\'ĘrJ3sKek3ϭ ;\". a$BW$.\Zҥ,BPsneϪ OͬW9.q,XD5YKmµ=KlXxQuBRU_!r0-C:_\ZJKlΡ,lݏEXJ:?JL?>dg/;OnVuV(m\\ⰔC܉izvmPy)sdj$|q\"^4rׄdb`ğK^+I|ΊEgA\'.[ǂ\0]Oм/jmɃj\"2SCI8=S+3**4YE*$M-=hKߦBeOZ*^J\rP.݃|/;K_[3n\0:wd,ӈ{h(9I=ZT΂q;\0GГxڇƪ:`a΅	.UlUi!ZmmўD{oV]kq=VyS*\rK\\~C*MRd\Z㪃U|\'N`Lqmn!<Mĩ0fnA2i>EG<k/u=e~Q/_,k\':Ǘ*_\'9IuR٩CK(\\[תlCCm\'֛YUH?䉼vmfl)rړS{GD!jN_j`QyJORܫWAB\'O#֨BB,5%DŭP)jb{#[:.?hԭمYU!~G)^1V= EI_i#Ru(L;(jP\rŃ{\">(&?rƬtV4A9m+y<ZY(d\\S·nVzʬ魼al6V񤗝\\D|)GPk_b4Q_Ç<qVi68CEg*nIz/E}	Q<0ˬӉ_b/aJ>.xuv2}ykG?Pϴҁ84*p-n}ui)WʨapJ{\'Ʌpk#;沝ّ5{\n##QCE[Nԡa\'UbayK7! 2sz+**#镄7[JJl+\"34!ݞNz[MlTȲnW04XY 8@&S6Jn۰i	[7\rR|_8]t}hYtnOuYváy)֒2\0)3a5l\'#*t<IE\'M~^)\rŵA\'[`D4O%=P|֛K-&\ZOÃ[DHg`	Tp,WuK1dٍzi.P\'8<ގf饙ۅ)߆},B0bo7ro08FT㠲uX6Y)ul~ۺҼkS`p<xOU]?kLL6Prл#34W\0;[ӝX^v\'O8jf2(\0i\\|@35DP38,g72\n<G(\'޻$)2s3l3$50EIOxo^H`\nzgCt8.rU\";iN\"h+CJgڂkͭ~f0z?$Jo_9d*B(G7g$=񍺄V<NI(n~Tvxb3G&~7Lʘ(1*>As9	rF1]\"M05\r\n̮N|O,WA~dh_H?e{e+}/i`KL3\"[;RKP/Y&r$u\ZA}yYMI<V\n:9KΔ-W1\n<y54X֘\"5ҏE^z+k}~v*<`PkF[iJ|MB\n_[,jk\0982lF\0aw>1oO]>%I\'	za0^&YCnۄ:4Ϸk6UU*\\ZT;Z!t6?.V/)]ƑII3zo/`kHdOkA̢FJ*Tp~ulslv`F&3$b@9<B*@2@mٞ\'ҼN,^D3I)dO&oufK}~ѠNH7!	BfsLK0{yI~yҧq\\xbMaicDĊ[(q]ӫ(ؾp^@tN\rZ/n\ZF\\\"(svTxEpo8|Ejޟчpc19*j>X6ԏnL-u6%ꧾXaX6>c\'rfq$6n`:kSݕ37]}m@O2\'4#4uH3Ub;b\nʫ/Z=q\\6@?l`\ZFEU\\SQ@N,\Z6\"`5,qm|I>칹h$Pcc!&~E|r#	L%0O$~.oIKĂqb3Xekw5Z,\Z&`,7a,%GCQCrb;y8ܒ܁HYH5w`ԻBCy2wK||k*Te\'APg6bΩp&䗿2,!,V|?+cIu4W4h1ZΪEGAM֞\ZT8Ns)JL12ã$}0j\\.F\0x?,#UJ-o>w\0KZ@Qc}\0Q79]v+8?&5:rz:g&nE\n&U\\A̔ԉXO7EÔ}07	 ##k/!_+{`G%\\^VE3qץĀ԰r	*֎T(I6cR`,6JZ4Vh\Z|Yoo	WWBxcWf4#KHM-m=R\0xɓPT;Z\"Zչ/mUnX\ZBfBL43\'M<{0<1%%5@ǻ9v[[մ6]U\ZxJm	YJ40:hЌǅ7noN;W`_Ii{} Dɚr\0}o9Z\'BawТU!*wW7Y|}Lڌ]\'a1HDՁZަ	]I*ۍ&i*]\rOs`+ʧjtD27$DzwL\"N\'){}\nPQQObnO/\',Ճ;i^;=>LdOU]9:OCCԦKg>Q_\ZbsqAi^L~<j\Z%eC| рTV1vn5sjZcTEit&9\Z?lGϲ+}}SpaZO3U@$\0ؔcHy6x&\"BV3/~ܥEcT_`)LuߎYK\0\n0Ϧ1&ɼ&z[yEO(OnYqE[O(:%6Gxd}QLh$X1Yg|HH:ޭ	 ?W$Q\0[)LVb<:f%_dODQ5G8	\nNGir\\yK0r!$\Z^M.~3\0?	A68c]#573]R󷽌2x&0&/','Et quad ut novum eggredior.  Longam, e gravis et quis gravis et bono quorum glavans e funem.  Quad rarendum habitatio quoque plorum in dolorum cognitio, travissimantor quantare ',0,'Sutton','2010-09-08 14:22:40','Nguyen','2011-11-07 22:50:25',1),(11,'pfrrbbzt.xls','ՇZujSZE3`Vb)Jo62%4Ř̦T\ZL--AQpj:H:s?$Dܱ?BNYP4ЫばPwCyUeVX\n}[#AZ+%@aOp\Z(=\\9=&w2&[EiCLc3/ƛZ4K\rll=c5QFDJlڇK,nH#?d^t\\	*&@Β@?&-v͵dLs&w?!7iU^ZX}^0%7a#wC_x3Jcb՘zC<rG|V0	AӟN_B#07]N.(qh#o4}ݲ6ٕўvQ%9&a.gDq|n8(V~VBV{w\0ܦg690>5)ᵈCրh$8ޑv#0K&ޏ8\ro_x5wbiF\nbb탋 6}O^eTgsD)hdY1G)^qZ\\jظ3xxa{qo!ps>Nu KQ4zr(	9\\v0<<XxmF\0S s\"!u\\\r5BzwΜgxfygJ{cT][ۏvN, $R	ɰx*S	H^,R\r-/|HTEaT6#2g<vY圗``u`Fv]9}.oI0in2*}{6xn(+0K.Xd̓yK\nUkذ°ww7s>= 8;06T]mg%Wmvp!fzF{@VDܐyGOmS	MRT6ư~;Gcs);&X\n\'<.bY}1L⮫nCtB\\≲c#vŁ	\'M,\\lÀm!̂t*J<yM`P	UBA<ˁpOS4>^49󁂹Xa\r<ޓ}=<p1t\r(Q\n5A-7.A_ʘ!5|\r8˞@;j9]S]ZF]i[Bn\nzJ$?=r$ƜHu]|nQmzph7*|:L!0A]Nҹ\r$д\"tW\"Z1chKC]\'\\٦XAhdt$i	nP#V7|\07L̾;h_JՉr 4-%\\MQ$0eQ\\@Pw̫w.:3d889gxpU9ײ\r5UG?H&yZ>N!QN-HTm,{B}yY/\\u[e$J.hbWGj:$3{A&m3XFǹSϏ\0ԗQoԇtm0t]\Z.\"̞0o)82#Sg]mhWİѮ>(\Z2k:UnǑd<\r䕯jM*2r]o\r-!k/w-lMfLqW3CleTKV%[1EIDπmVI+XUB`OpGAab\'+ԇywf	MG1\Zq*A	Q bZ@\ngR}U@FbDMHgHC:tښė1ժVUco+z%#	{l7Hw;f2{jVۇ(882!{-zn\ZuK\n%,rߍ+MNL3fe%@|-U>Fǽb\ZNnp\rMv~8nw=5lPQ\03\'U\rrgK9g/h%8)E=&!p?#>aJ{eE\rfyIb,,6ʿ)E_k9;D?0Eisl=\"$2ZOŜ+	)ں1	܂!\Z,IPx/#j= 3Vͱ.aKPs̎:;9M,ZMz-?>u!Eg\'}OBÏig]I5QAQVleC{pSiޖ{5wu5\"J{^޼z=HF3>7:X>h]5?}nGc%V·b]\'|\ro7<w)\"pu1ղ\"2,MtfleJ1-\\_~ws^QQ)Uk7F/直X-fj`eF*s3Bl!O*>Caq^ GW.J&~[vf\ZnEn	B2_W!$ʎ!k\"Ğ4DQGmۣ$uO[DBCL:{Ek8h֫\\` [@e\r]5F`yuRk\\3LZ!USJ2ȴ EKhh7z*Ald,izw9ϼ1!@)ƳO\ZL-nNڣpHK*KͥЭ\":\"H	,.C{1>mJ+xUq&_Wx|	n\\V8ykV~#,cRNѮ	B0\'g\nP&Q(J0W?Ȱ	d)%Wv\Zҟt^Ty=V3\Z+\n&h*~j[th1`|(ks5wTT-,uK^%\nFDp/=Cp멵@kk.GU剀MW/ŉDiws\n1=}(KR<B7YеږG%BdpWT2SlQFlW$#nU,5ѻ#~%.w0)+nߝ+OjE3ujd02,C$\'D\0Pv9#jHkqnK8S#ĸG+\'ub}yL4l@K.\r,aC53|&˖_uM!/ʋQaג`v*縠m~~\Z2,`֮7\\PFi u*jv̋ɰOF6:v#0c\0A$kF΄|^=,нzc3ngjIlDYr<-&twhkRP{v!\Z͚^]<W-ePr}\"PmWjzEݸH.a_\"<ra\r~A<8H74)UJLJ|dBx_*)**F<\nQ QvD\ZAx2䠁pY*kbA_@!zr:=>pf.&BKWڔn6qFs-aX\Z\0`Q窔F/K[=96ds!x56y1M<1GEWþχót蒽z1b\neW\"A٫yyqw[~.(RQ-cjuik2<C	Jh/;АuAA_\'Uʄ\\\0<zc.?QEJ\ZpJŏ,@ZNǧfy8kMlhZKp?`HnO@O;:lBhV8Hnz<L۝\n!\\&NȆu	\rWȘqXˑk{˘p`(|_\"t\rHD>ȴZjLaAC6`ʯ$kHhxZW.8c0ʎ<j/DӹdkWYIm7a\'%jkAUeDށ3h<[cANȿ\Zro)e帿I]I,#@]\\:W\\Lva3\\bӜy\\N?c\nK+J#\0L@L<GrG*\"hdǼZN뚛!Zwp j󚘘灅LK%x*\r+s,P 9nP(:AlzotU4gCԫ}u&ϟcF(+y>6{̘z=qxlj<ֿe$<0Xq\'fH	Y-E@7j:\re\0UK2\0zoG/tﵚqP\"6O0zKW	`WPj3ODF>	\\[\' O5%1yl0?zvC;2 AU~//޿rt\rQR]E\0ZzV}.!Ա<R\Z4w\n\r\\\"I_@#o\'h<Y )Fp7<.O\\-r8Qٲ8F,r6*|q A+Z7b@\"d\ZOyƻt$F\n{[yLsS\rDfbML~szoyW\rw͂_ѭ/-Ex9~@-#k@p^\'i(`=)dM,Ζ?8tUdΩ3\n{K\"|7+utf^IVKfan1|.RrMjzf7@U!4yڋ|P\">aF\'*!>Vx8<A{yBj2\n~ط⵽_%8)hI\n<tFkm\"S-&EY؃p׉T\n֩d$B3(Jѡ5,טVA1c˜:pIm\\bϢ(%Įhv3+Js\\;iC>1pxjŨjtĹ\\f!5եEEzNMB\'ʩ<vv2ឞKC\\%^i\'k5+ގkl^cljY^^J|ODrDb{YWx-! .YM X\"v\"ME!:͏ol-K(t\n٪u[ :rnᴑjS\0_mYntqoğCJQ,`ה[{i[38ldZ8b5\0#Wm+;i*eOu^vMm,jNg%RF\Zy<(ğ\rݡF,_\":C[k@YG	m^{pLn\0Vx,\req̱րQm$@|l;!/?*BFSn_2Nkj0`uQ)jb%RdbXA/C[\\Y~sqMO\0l;\"&32:(;tm\n/Nh9܌4\\4tWMVZt2沛ĩrUZ@y1U3D]GR@n>}j\r8Փ^\\^5첚%a3&֙rŹs([|q`v31ACbgv	0|d\n< Z\0B6)<W!\0dӃS6]C$jq5?\r0\r9E5n̩U.w0_>f`k7v\"w\\b+_.ܭT\'ϞGH	\ru{=ν^\Z6$ղXVI < Z~C5)OuЧc̦ՋyWj\0!k~@\'C5F)y/ظii\\C\"9jNexC˄F:\"dğ	*q2r@^{1x`y	ƨ>~YQ7}Ů7ֈց`\\BWZclikY^(vD֋fX:Ws$s\'B0fYW,Q<g|E\\L.W:i+Nqs\r\0nZײb-iHi s^&3	NvEu;<(%R>C4k\Z?WқF\"c\nMn1{7Mql䛨>l2C\"g_8uZ#eABaڮ>@r4*v#]!N~Cr+wW\'6N]beՋ0}xr	\\9># e;y [06`|+ePd7aA&{ĕ1yYlATо(%w*ץvڧT\Z{/HƩȀ~ʃ^MU>{K3?<3ka/|YkZCAz;O,*E2ƌ٧bViK--ãۉ6DVeq+rԐzwh	\"P&CIxu\\8b\Zd!7,\"K]Xe8\ZZX: agVLeL#PI+I݅Q\\ճ6ZԲ%6$6\Z?.Ҫ-po_3^VG{ǦhA|+ůUxҮܓ9A3\rMlnT?L\nEJ\\\\bkxZ\nb\rU+~WyR/oPX/{(Ra$@;yrbyw>\':%Fcd/w. jU1d:k93ZHWHXe$5l73v\"b4g:gaW,uE#p5|4͟$uEnSK3`\'!dCig\r=sRϊV0Tiܔ;5,}ݞq1\0 s8g7_aa^2ؐe#i\"s(F+JܦEwgh.[^Eѕ>^D֦','Et quad estis vobis homo, si nomen novum vobis homo, si quad ut novum vobis regit, et plurissimum parte brevens, non trepicandor si nomen novum vobis homo, si quad ',0,'Walls','2010-07-15 06:05:01','Schneider','2011-01-08 04:57:09',1),(12,'pncyot.xls','{%;75sQPuʌ#ؒH\'1\Zٹw-I\'q|/(۽9>:Bٹwj]!<pZoC6\\a N׿$n*}Ɛ-I \'KW[9g ;6w2?te.*p53)ng^i\0\0taZ!b-UkK\ZBrAD*axO(Fީ\ZoeXZs#vݻa-0@X@F=WIdi},<@h?|{U-r\05;M+ki}l@љޑϙa%j온6\r\ZѬsNnmI|eu|)!~G[$/NG@g\n8[/Iй84Ň(PMA|nqdB-yn_][SʰnTJ*ptǶJ`1^X7ğ=X4$ӡ9OT/-ن~?zt:v.d#Lzpp@lTX|\"ĩ,ioa		9D:heg?7{J\0.`KZ6Uo$l^jx\"Cѷ[.H6AfU\Zhy{7ӽr&|z@I83QeO֠[\0DbQ\rRtM9Q(~Psaŗ{-zty#L]ݮuS9tR&G[VQP2 Q E\\u[3Z<=>\0Zէ1I51q5\Z!$aq? y+,0*EQ2e;`HƔ	\"X&KGRPA=\">f{<`sP\ro^Nl\n]Y@2Sj*NBrx\'i,mL;UEHB8xn31cء$dnV.-*cms1ۗBU\'|-S\nWIp,1ҷ=|%;V}W)ƮؒK)8CmcG<\')#߫49Qujf\"\"F\rBaSU~JRy;\\\0؟PॻL\\wW<kӖv)3~,5o*ک~3,)L<NzBZ-XV~R)cR ߆8NԖaCuZ:&bxItlx-]>,L__\\zfǨ(z<JfL\'\rLQen\\TA͓.\'b{dOC}v^	d7ߞH!#>q3nDjXWϤ(p+/=|fA`6LLdQ\'4hʉSM5Fx	;\nLR܋dQ	R]JUw]B\\*ywt9Mk%&+ݫ-p5Ći:h:yXRЬ7.08է\0KɑbGA^8|^.7WW!zǪ_m\r:`wf#bbL>.ecj!P֦e4[^k#j\ns@ˆ4ʴ	.]iDDP<H\'{6$.k@X\06D3{xՈ9rGdmIfsx6AOH:\Zj1(kA|т2C3l{ωaD7 =\n!cʚY\0MoBwEEl/SC\rGM~#m~K\Z_.+YVxaxK_=Dp,#÷_|wavA3u^i_\'\0(-pB.	9/LGH,XrinZ\rɶ޵JLl!/0a\'gЍEP+eY\'EP9Ҥ\r3)OE%D+ۑzS:bNx\nVTFt?hЅ5_^NXejnqAu$t(\Z2Nq7t-v4`:NڒVW*>L~߱*Mqn1|IP顢ٵ6]~Ffpuq$l%Mc=z7\"FFlhCɉXp\"%۷(+L΍e~8EiARa-no;/7meɭ Cw	AuWĮH{mߒO?V\0WL-l)U}\\+XJw`8g55YBlaCIH*M簳X_p3HB:?ʑHb:ձNAN/\0JCNH\Z\0 kZVPbCl2\0gH̍1XcJ\"|7i\r1-Mn韺bpEp:=w	~}A@c:%`<ndYWD<C!0}n@D¯m<$,8~\rVbW>\nCEN`|U<2䱓**∃.}\r/QeC~mǾFDpC~\Zk_p7LKGUXӏ؍A7F0oP\r,d+&:Fl	haԈP}WisYfsK7\Z2W.\ngXWNWU~Xc%dLSM[79ٜn(?\ZnYꠟSO|CgkgUR	q\rA$wolI:EP0bdPxiAV%dhcW@6\\ܘMܸ[ëxѱ*gG\rjBeH+`~]GePi,^*&1-hk2#U\0oƙ~0zF5XI2|ćqo[*טWh_:NYʽ\"t;ePדUTs!ry=#NC{Dq\n1-9;*J#(Al4$*2.E2;+̉!瓂8UmiqJA_{].؛\ru#GUl\n]stR*T[aRMB4Ylˇ;=g)r8t[?b*>U~ɽ]do\nn~9P>M\r!voT9?S4<(u?geS%Z\"\Z9MzK*TZ)܈TDӤO#+:BR5Ɣ/.[=*m%rxcYڒڰNwXjMĺĤu%^QjT}\rZ>dva4ɴn|9d{bZPK:hGZn\"M,׊a.Cr扃~\nCz#?]xmD3ts\nUMW4N+\nؓDR^$mg\"-5jh/[&)\0jTgϺWV#A{*{vRqҚ_YLBb/zEצ<^|ĥ9\"n;`t/\'0$m8<Cz]gM6&ғuz\n5%M\\V\'3w=^Ӯ5,_<ۚ!7S\r,\0zK9#]f`PdZ]q^?<\ngҡ#\"d`\ZְY>yDfkAAnaNi+%Ee?r6#EҴL܊+/F#!X,Aο7WhPFnzp~k.,o	3@b\0CO:H(w끼6!h]f;:-k{~#\rAibڇ\'DEPlƙ)pqVџUW駁ݬ3jfq$\ZO \"h1U[H%sIǓL\0?ޫ:=FX<\0y`,b3}g\\iַS4`7)NL|¤+ZIʃ#+vW+^=[D*![qe:d(m*얢!%>x:-Ja[X4,oCCh%ifkN&q;3Ifޚ]ݠK4zwZU#FF ;@eB_k ȀҌ,H@墱aQrD8q9%Ȟ	~tJja%[UT4ƢۡQgiaz6e\0;ʴ(?8_JǭH( d#VQ~sbGVWmd;!K~ӉB~-\\ɴX:cGX1̃Nҏ[,l*Ԫ٣)ʽ|Fߊ:,ߤ\Z\\=3a8)nǨ[љuBN vKJ3.`M_;\ZwhSaȋ?>@\"}tVTp\'6X%r7E;ifqB .gw9NE\\ˢa*7rxT~LoE<C?9Θ#C8esB6]1.ǈ\"i	.ڹc:\nQ7\0|ի\rBz\\ΈՋǇ@]!n4<(a>87iA\r;3Nщ`\0>P\rU)}iaLLwrАׁ*?db1\0>cGN,$q|5\nJ\Z~R@T7yUo\rQ|rf\rx ׄеL~rA\r68&\r<_-^}1VL_ȸT|X.=(amg dzC(yĵiEs>%E>nh:]\\ 	N7VtˆL0A42F.pd+@q(Le-]k`urX8豂\0#wUAJn(*[MM&JǾ]}|\\sqP?*0I-&4mػ^yyhIj\rElC7uf@Ɵ=?#7~@ֿZo\rAێ\rޭFE8H4k/w1\r$y!z|I=3885Ld\n%cd2bpm.i}zb=!i#Ge^rI79Ip\n>PaXe$}ֵ\n=q\"3Cv,2(0Vx?yrؼss:ƴOh%d_M@2}qþBRR|SkjL4W\\m%gHԸK*_hQ)XSu6Uۗ	W;_@E+e\n6[E	mF\0E_4of/jme\re+W)<1\'9Q=/,5AOͫD,ġ3\",T((VV-lBZ79xrPUmݜ!8-j2+\0:dNq`:Gaec!!dM9&֮#;!Q}D*+y_t;P6t& UͺRjws}iꋵueZ#*>R&$\0`ao.[xQ=sO݌tFep./gad3tUmr0&>^|\'s}ޑ|pv{a<oq5SϜLH3pKb-E57b+[_u6d_h&P1\rn)Ccq5I/$%C:<S-gv\nՀ}gt*mqc2\r&g{\"F9- <4_yWO蕖jQ%EٶݳCp/Uz3>Dd$r{O JV?9!C?P74~RholC\Zz!ޚt$CK1+!9[[`1F-U~R\\Rl','Pro linguens imaginator pars fecit.  Et quad ut novum eggredior.  Longam, e gravis et plurissimum parte brevens, non trepicandor si quad ut novum vobis regit, et bono quorum glavans e gravis delerium.  Versus ',0,'Newman','2010-01-20 22:36:09','Vaughan','2012-03-25 20:04:08',1),(13,'ugpzxwe.doc','{w/ZsaI܇ӷrwn]x;xlz5M5V`bIbtNm\\*MR=f;+zQU}iV8?+u!(\n8@\r@e+KuƣBcN\\r0EyW\0^	2KrL8&\Z+M,GJ\ZWˊLLdR?ƽ%{kMz{aѦֱg&~!EL==CX8xna<ĤiYhL\0\'Jw@\06妏ޯOK~bşHdo n&/*1/Cu7;w/ߪVMDrzc9Y \Z!u),4df sbJlw-*$X|%򆇳Nf\"5\Z9 =8p*)v\\s2\'5GU1Ϋʧ${gQdL<~Ǭ\rU&նH:\'7f-Q$៥%x!0h^VXֹ_a8]yЄW4&~L lШ*Qle})=CT-PKBOdB츧]2ZMȵAq~\Z;#cN!VVXGMogIj\"gU{A8&^0H0l+lqV&sïFP,,6@ӵ|a&<X1O*\0d2`|t#} I:\nB+sy;!@n<O==WWDRVrx!qz4C\ra6PFe$k\r;%\"C#/|Wr\"_YԀMG:\'u\\c\Z.AX0<Os69ik==\\D?,^ߍ\ZTe/rH\'*AOOc9#{-9PZoic*ٛg`=k@lg?7_ULl/%FXC>[.]/	\0kK=AϮRܻS1ͪWG9Q@=CV%瑺[cүsSM3K,,J\0lP\rبw4\"t\"VTe(gft@:?F32MºMک.!֔<阗&<z>lf˟Spu(P1:KGH@\'8qWp\\#aC-~Dl45r@ro/w[XX,Cs(!;0XƱj9(FVw͘Jj[k[I\ZM	Y5]H*y^-g`DܑWn$?\r\"gi6\"u_IMo,fR]\rN\0\0-+wt,F\0>\"R6^nx}N~g}[?NLD$|gDR6c=cbbWoJo\'j*\0X#oe%4^QJ1nqK![rx~\n>?#v:lyi&wMwj9GIvkW6T;_#9?l^mWΰv֥#Dhʘ5q[V9+}r܇	Ry5::)z	@ ].\\gYh&\rd bJSL#Gӕ-rγA؊mI^ە	A̕\ZZ¸S~\'ݰ><19sl=\r)v^.\n! *ʯ+Xf{;(\",J)\'wCpA;℮8.RIH;זXXﳒ\"\n/f00.:np|5xK/.^\\g*B\'4	OmO7A)x2FudY?[x>kfcEiuK|ZL0,\0[E}.u]LF:}^bM4z{rm̓~?ISLdH2>\'ֈtN4~EΈQ.ozakxJl՜X*(\"@l҉LgUw\\`xP7O9fcE+H1B>X԰a.B!@Ȭ#9`\"Xax+DM͓c{U>	hۗ{rA\nF /I(NEq=\'	_9B,-w@Q}$x+`e\\	_3\n&R֤ZnK\r13b[9QO4ؤ#^ޮ;Ez{xĒᆷԘ&b5k|_jO;3:j֍AFWF!323-g/l^)6]ۉ\0L4V?dC_oZ>ޤX. )E/qϺk/\rhtf\01cD~a19Rq_klŇG#So?ƥO.)QkqJ62AOƹG¯RAEKdWI+L߼Zm5goٕ1K6?])%_kݠfc\nk=\"(6é\rL\ZmXǭrX&{3Nx=|u)qDYp{=0{eu0%д \"Щe-hűWb8Kg艨Ja=i.#k|x\"m-爅4zO+L4U2+k(zm2;~Xd^{9/	@~u3SʉdBQFF>Zyjgws*O2B#-.yQimL7H;FX*p6jHA\\a;RQI>QG1	\Z%Y\nYR[uy2+#\"Ќ7I ?5Q>Ru/_+OXlLvI\"1꣙X5:vz-4P2HV	ԤgҖ`	M;xa9g&m\n-n6)\n8T^c\ZϽ,&.>0܄a#	@t;\0\'Gaͧ8	;5kjg~bNR\Z$!/r%N- #G%VF:W3r5;2ܞ5oҼV~\'nLhAu!NZz:YyL?31w/\n\\*5 l\0\Z i>6ށR-\ZYkg~Oɪ#Y 1k-R/{dJ^+,٬2-&T$;l ھ2۲B= Da冢{uMr~vHp[vJa+Tr_tGWiDn$(g_!6r3wS՞}`MZiRZcu5d)o5zmſVꌇƾܯ;<igڷsCKrRtuȞfdrU+oU6AGRIN$b]XԎ>|w³0#]ᚴm)B\rf{KҲj	2́$.1\0D5K!,:jHMpdҎj,\ZѿbMvMoԯ+Oy\Zk=hΆ˂VsE5<Aٙ}~D{\n)m/\r3d;垨2(DK[-;Q*jwzCZ];B^R\0K)\"RzZ/\'-,<H!jkMXɥl %2d:PXAn.͞sr8_ENk^Oxs.k`ӱeWƎ䣉az=NBP̸a@Oď97)A-bj 3`q׋_-C3X3%mL:.1Z[$SВK6Ȣ\nW9aUjV>|A Ĩ|fخVy32FZA<%jb7ֹd=3I׉ub}M:ǚhDGAΌ\\<lp\rXk)KT?w߫yǭW8jޟvWыcYJJզy&\\mbE3AJeHXDӼ̅\Z B)/	f[[]o{y%\Zg&)W4)\"4]xn#uz5ȳ<2?O-=VFsi;?˧YEWH=jJ#%O8%-VWvj\0MԐʖ׬28öq+ì$m:+ra>VM6D+tsx.Mk2p},o~b5Ƀ|\0Ԟgѹx81Gb5\04KUIFRtdg7\ngT^%nX+gM<Ywmz7%ǺG@5Tם+&0͗ `WE-Lem|*;r\'}zi`\'lQߊ6vQ*rg*8\n M\"emn a]O\'mփrJҿ%4˜_fmut-XDUϱPqMR\\YpD	ݵ\'t[uB|A0={:Z9ex#,d\0\'!\"7 }ɒ?$؍8jϙdXip','Et quad ut novum vobis homo, si quad estis vobis homo, si nomen novum eggredior.  Longam, e funem.  Quad rarendum habitatio quoque plorum in volcans essit.  Pro linguens imaginator pars fecit.  Et quad fecit, non trepicandor ',0,'Ritter','2010-08-28 04:43:20','Park','2011-01-24 09:16:19',1),(14,'yjaw.doc','$ONl~^X+KZ,y\"q(Hf4hZ:K!&y)\'kvl<#7m;\nJm`A読SSh1c</zGF{+SyXC\0V\ZfMWP@@myumP`9d$UVDjsQ0Hg>;Igug<Phf\r%&6ajdqVqW\0-Tm,U\0}nR~NANwk$CF+46_}w8ߩsۣ{WfFSD>֚?(1Zࡓm1GM!^;A=&d:XU,h-gt6CX^&)7BZ)-R j9M*Ag/:6tb$	_8|$ʐ;?Q]QT k!mG-SHުahnʫ*B̗.̂7vp.\ZH+ps\"3A/\n\'>{M=jW3a2N%$uO6dI	|e2E]6]͝[8pUGV\"|0{w[\0iƫ\r-䈓Lx3GAa1Vp:l4lDy.vwRa6cdG$$V=۸M$Di^Ɩze2v	1q&GKvutRo~ :˴+DWKJ_+?^` 2m򣴣\\/_f>S42TJ*F#wYʧ*Yyg\";K`Y衊|N%\r9atQ[Üz-,DjNAXmA{g(#qrGx,3ef}~G0IσeRCh2zs1\'3--ʽY5<\0\nLcEm6^?i޲M*/CD^U+F_<q2Bv7,=\\0ƮdoF]-}dX1\rֱHYE%=ޘb?\r	cur	Ve5лb\Z8~;\'\n&Q7X8Z\"SbV.&xDͷY;A1F?x%\'u6LY0\"\ZJQl\0hAjYjyg5S%47\n9\ZIk+jO*3FRtUiIxgw#`āMuO7BX!nGJ(=\Z55Q2^`߸LviUXF\'W@.8er^bcd-+65ʓ	9JȲ`ap>;i^ߗ1pzRnt\\9oԭelxY\'5\r7ByNh쮑Wus \nxt\r&Ά?=n=a\'ϸntck(Qn̜K}\'Qm_?R埉y5Ջo:#?ꑔU7NvٜzDf|DQ<\Z\0\0L4Ax^Ӫdw.OjٜD\n#&>@c|6emD\rk@1\'b+Ӥ-#98J=p)\\&Wє\rO\nUڦbJ\nr.n?2dƺ.;c.5_\nK2!`QjOA1>4zCǘ5FWMue͇_&UDTV.v2z&Lި&4:5	^TCzBD<1\0yzd\nj!r)jmQlV1\"5$b3HZbvx}d\'W#AN6$f+neW\".-|^6Gk&!.qAػzqhھяhx3ܬE;&9L瑩}w\'}\"F\"[Q4[4	=cnه0`QǖC*pO#|As\r{:s{ȝyQwh74=ԫS :RZϳhʇL+C\"1f\0Y])3܁iYj{p)oi2vl=?\Z7 4*u{Mnʩtѻɕu-TjvFFzg;nOan`qx^>厤9M#\0jFa\Z2^,V\"2q2 _\"Qm2$[QtGɸ&ZZb#xhΐ$r\"23i[5N$,ٔ讣wWaϏ.\'7.n\\[YF9G?D˔a]fU4[sGOlVR&=T\0&:Me/p%rRO|[Yu:GyYKKUK\0vOc-i2K[q&Y{\'̴/(6K\'*Ĝ%v2ZaHMxވ@Z|wA\"dx(V\r?,\rh\"[qΖY:DRy#.VL<fib[wH5On,`9t5`-\0^^ۤA7F5Gqdd>KW缸AmpN}Wv?Sݺc4ݰG\"4|4%^hd߆	Umcga[=5\0k̛gĐŋ?-y9+úv mFI5\0FO!a\n[e3%#EVyYYUb+Zzz˰\'ed+OBN@+9-Kѽ.Z֩a`y=ԣS>D,90,0\r;iʓһI6rM\"`|,] 0YFcն|V`NŹ(:zOPKʎ1Jy5)[H!QAr?+z?Qna8)xؠiWg\n`eD?O-!w`}a4f^ěr\\D~HS2><\n;0ŵKMk㛦\\\"','Versus esset in volcans essit.  Pro linguens imaginator pars fecit.  Et quad ut novum eggredior.  Longam, e gravis et bono quorum glavans ',0,'Rivas','2010-01-27 21:01:19','Jefferson','2011-03-25 11:19:57',1),(15,'zjvhutjlpn.pdf','2[ۈ A~c10)pjc~X\ZeYoŐ\'MetV3Bv;phxu=0H?0kN\"2Lg,Kh8\\4_oG]&$\0HV(߉1P\\ =ڤ\\il_8[76	2#uWkVs+_$9lvqS\07wGT5w`3qve_sg-+ma=][uЖ\'t	+b+|_	OK}\"qBG^S:uKI!co/bT뀤^8V	Vם2)`hJB@c&MeX],-NA5ZQ_ZlqA{rOojYoсvHLĐoahqxՀE4\Z! 0_*i$Ug(C#[DTǐiG~SPK6\"Ź4r\'ԾC)\"szJfKfyp|$5]+\net[}$(Jݶـ狿;TkTѩ: e5F6\na)WABR(Q+ۃ)4ȀX\r&ӠU@=}!j)nۀ}|\0~ײ1X\'~vk/\Zx!:e\\T{\'5ȉe[s\nmp*eɵ~\'ْaD*r6\n^[:\"TĿ[pQ]\'/bXL{e/Ο{wr-;uG\"fl`xfV>)4Q;ĎMj9`G:_P9@Y|<OEiz8ӵբuɛ	ezB^$DT5B@d0)\ne;	Hj\'g(1G=J\":bC\ZPe͇Zˎv\ZJ\"yeC6\'<&ԄACX\Z;K0$pb(J&\nlT\\e(-wt\\r>\"Ddlnv\\X1LGl/Zq9WJnCܡb9y24(dP XYMBx.pzH0wYڹ\nUy6qd觹UĭBF|1Lv$W{8`٩!D(謎vH4~mG?#moYiDYFI۴Z@܌!Ee\'}3;*x&%w-whA̳h	/ɟ15\"3aMΜoAo&zT]F!(CFҙu@z_^IK9W?\\z¤9:{\'<3<	2un~\02/BI4>tX<ʕ\'\rwmR7pU&Md-A[AG*kưcG޳Oͤ5Q~#쪾*rLCz^B,LU5dob]qלH.*\090 ԹL˝n1_:[bl2cZCE%=\'l .*VD8SDL_ݦ 2p>M:kC\0hgj2fp+N\Z0<1YϜd2ԭcb8˹v g^24l^*_d+JEp|odA-~ouH7=orsCNT0a`|&|V;m&0mV\0~.d:O|(2uƔa&NfP?]v2Zs\r^UxRBq\0]ϐ+~/=d%$EO6I>\0g.tH%;yR1FBS[d(߃E1\nv\rk!<Q<VxX9徴G+UM^6p[{29!@hVΚ`G<Lߔ**d$\\j8G@]$|wA|2($}u[I	e̐$Q)%BT>˳\r4fJjW.\02iGxG:!~VX*ُ2X\"cWb=6-^bmnٌ=qB_#|LߥU}a,0MZ=+0sI˖Z-:勊&47XZ8m@%Y/u}>g`V9ۊ[l*Sy%cکZJV5UX蚉nwmJu>e$0K@4hhl_\'Q~z;#ӟtNI\\rj&N3ys/پɑ`1Ȧ[xI{a(խY&BTĩ[N12~85h;;_͔t$Doz8O ;\rBAOZ77OcZodϡ>F0\0QS2{KO7*?]>(%݆$kq&؋OQ\"M҇+2oĶվ1ҡ_|Cp0dKnҙPۘO,/ŶѧzqwIm_k%W56tbL(q.QR.``-ϧ P:~Ã|	=s}뉦FFwxc,CL$\0i9ғ4?ټpВsIv@F:Y\"EO;C9,,{- 9~65l+ŮQY|tp7!n4s	\Zo/;	AN8Q:zfoD\nW	qt pd32(<~W-w@e~R6/\084!ljᔝ[}\">aڽ	fL0xp}OQ=5疹 -P/MV i@;-nD(Vr5stO(6b?[&~[!@ g#<jƁFKژJJ=fNRJyGO!>w`FNst6,)z_ǈE\0g9\\\Z&r=]8nq\nE`%fҙ*:IǎeUt>ȫ\Z-ݕ]t/JQ\0Âj4\'vscU=.}l56\npt{^w}_v!b$\r\0ͩVRiƱIwrr.h5<H +	sgO_bss,+*]nͯܭGgC<%K#n\nB\'\Z_2<\\3yS I:\'-\0v=)U}_j{J}5YBzu汵PC!y68rxY<\nhm\'r<Y$\\aOܤۧ梊 8N\r\Z5[Ak\n.PЖsc7=<$y\Z\raGz>_P|w_Q\rj}s-yRf#?;\r)QR#!NKկ*iغ/ͨ[B&x\rU1oiS\"P!	MI\'s8\"@##r[Ί[ӂ.Ir^/tGD)hx$waV*T	k%|CxCԮNZ\n{>}lIܭg[mI\0^jR&GmQ_^d\'N0l{OȞET/dae>9X.~usalۍVϭ^	(q) *\'XUxli4w,mL*ŌJd5a7hʐ7j`=+Ҭ{IH6|_\'7:=u>Gm>[GOU vZAApM\Zէ]Z>XS?,bp\r29\ZȍJmc<E5}%`Pv7ɋ?(>	zHRnf_k0[;ih<z6if*\0kVZ\Z=7AHXf0vgWЄ&N9RP뒷3Y)9Z9*l@2KqcgPy*6\'r\n,Z^SRKFb;\\EW<R\\phHTn/$v=63ӐcZV=?Ȱ0}@?BP[\0L1:(mWUFAUt;O>q`BoKvX]O8r7`mVslQq^#j>$sFłaI5.q^~1xy\05!?(*_U6F?8pa9J|m|IC?.Lw۶е7;ΤF)&Ll_yk`~2=4MȔ ;콍oKPdoA-΄vP) \\\'3d8ڰܘ`|x՟`)U>ntvSM+3\Z}XQ:\0Rx]$\rjcur9;*\ZRyB.(sJDD@4M{vPDɣٛxo4aa(6Vk\0<+wH-(MpWP|a{bg6&2BH常btJRr\0)I2	;)a7#E,n,+ۀS֝4qVeS@~7wUn~[4]67o\Z.ntTb z;utDmGtש iF\Zq^J!Sl9~P5yU\\\Z\"e݄k:3Me!UlR=<W\\.˭7>.FbN2qty2UԦd\nL9SeEV~z\'Ե9<7\r{( ](#P}l$R=G!VeX̉]QqH\\L_\r0D3wjeIqY[J\n=^:!|,uݚb[ãdG],1l-o}L3:45T5J73F{)rT&s1nc6;CD<`6t6[(v:8S\n75jY<0*U}E(aM۝<\\dva\ZY>X0sVpJ߽H\\ 0c+kz*vX!nP)h<T*FӖMuV-p	4Opi}H六5m\ZnF(7Ht@}8xX_SWf5{M]<˭UFf\nߧ~eUGڗJJ4o90f]֗YQ:\"\nJ\Z6/󑼣HGn0UF\'\\\0յą>ةfYt\"Mw+5/)5.ckNr\"\r\rḭ\\$9uB^ע%\r\'ۡ.rzޚxsSu=ԪƦ>	NH^N)lkTg>+R\ZWaQ0&LII	0x@*\nWb ԨCmvuՏ1Wh[.\\5@Q)o\Z\ZLij:4Uّ트jTq]cY噊Q9?(@!,+xI+n>vS*P賌d	&6k`#BӐ\0x\0,^rd%Pϖ^؏p\0H+A_wOD\0D:NETDc\0N|\0 R6^O.PLl\\jKg\Z8dUSM-OyЀhu5WK8ѷ|gFZ5\\yJo>=d}tN=\"\ZKs	yNkay?9Duqjby\"@Tz?qdy&Hy] s߻c\0}qUQǍ\\>R}q>-qzG(!D!,1A74ʴˉ*_,+;~ڞ0C#Cm![lWҢ7k̂L,Xtz6ѯx%ˍ\Z/Oȶ>	TS\n1:V`˙ZK\\%=s\Z:}\'.\nA&X;3DZE[6y2˳(K4g	F@V⍹Q-$gȎZ+EȌ\n_wV9Fy1a\0@V0\ZX#qL@	\0Gmk6xV*Uu	}{׉#\'-믚LVT>Fx\rՇ$F>Kd˘aNݚؗL56	W6v>1gZ˘&u6~y4R@e.TZX\r%>8q	&4K0ym\"\'d&jxlvVWQuBfrX,wJNCM8W6\n/7_r,Po2~;\'Cn%iCUN:vH:$x[M͘&%fUllu,ٜ_=qAll16#s36X\"sH!\"~EXj{DRX׸+Hgn/-~x:}zM0!\\h3];mj5<YM٤\rgxj*dqѕy	bb+Խ}`fhg\'(;`۵U)*Rk`TK0caWRg.*]<6?ȯY][\nrQ}p,?m1=&C 	,$2','Tam quo, et bono quorum glavans e gravis et plurissimum parte brevens, non trepicandor si quad fecit, non quo plorum ',0,'Clark','2010-09-21 16:02:20','Blake','2011-04-01 17:51:42',1),(16,'qhkgarvdh.txt','_˭;+6~5g#xmY\rDwriѸM/\0v.tdë].o(K3L86HWh7Vę]O)py,S	ƹAm@guYj@j a;hzv\n}#IGo PI{夬\\;n6NdֻJd3ZqMɪ_\Ze:XN[4<GOJ..b|1~~q=7Ot[]z)`/7Xb=;K^]𦕎 jQu\rÙznFJPB]8ƹvz7q*.\r6$A\r<AJY--Y\r\n8.+g^jwԭ4u\\9Ij(jˁ\rw~/Yu$\ZyIQw|A|z|\nѮL	Ձ/\'\nVMFIsGf0>r=`]Sз1g1\r-%Nڹ	3{t4fn@mSuRgeVC^wTPL9wWwmWQb.ed\0 7apYxI9%?lf@⛨Py%Z~-ULʣb9]h+Ǳ	Qҏ:O=;fV j{tV|poӦ4\naBH6]#%(n̒šGj9	iO\"hJHދ8x⽗1e*iӄ6GgAT8A]K9zDz\0dSӴm?q?EICJ*^Am@\';B\rvoni)/[#bQa/#3%	=v5qSy1Oʆ61NvmƬՒd+IuAN㕼Xٜ@HS|\"z\0ׅq-yFX?TY?AN	_ihIqo	ԗ#r4&Rݨ3-Y._yTZl3\\9AZzÇѣ}B#7V/ns\0>qUJ@nP!^е͉ٶ7O\np/.|!e9\'ENl؅zD3]|\">\r>c 1LE3WŃË2ZBҰ.la1[70Hˠ,J0EK\0p:6 ǧP0T(۪\"+is\Zǜd&pTI\0،&^f<|.-45ir:SVM*3rXh9|7&fsOO6ƚ/:[LB\08U/\09_kk䙣]7O	A+IіR-;零\0v/=sd?hfU^>!r~Sn2\\	S=ِ5L+ޫ,G\ZXň}g6\nm@k1c>+-qIT\\)VSp!	\\0]:\\s_{<0}n6\\gOSnM&p>qDbD$<|e[Ջ/z|TB&߉oׯE`0z1z>A\nmaQ%\\0PmmHŅ͐Z$5\n?\'##@G[07ۍ}%z05\'XklQ=B_aMs%3n=+$	};v_z|ťӊ w7G:U&Y\r.ƨIwcTP[pǆI;C܍wؓ\0<xPkhW\"Тj\ZuOp3J͆BnotNҚ(k&Ī#/WDu/kx<$%~$\r}LhW·B03X$G\rmY]-2MA)%~k4\0\0>OAd\\)׋{<bO\'2M=KA?P;m\"y]u4GTݔ՘eAq&~tjk	;K~ť3mT蜪tS y?`_t^nK>iuӳi<| ]!uM8V\'?_%ylT{˓D_Gx;C3Ncsi!og?.tQ=y$	AO=)_5\\\rt>W+Hr:8ߩE#,_Xh&}Uk0XyQ}Z\\<P|GÞv!T޶?P3(0/amE~fFY\"\n0)줩\'!\\]D401~F\nv ,z|t` V=/%ٍcC6a9rxǮL,ݚG{\np_׼bOr:c6C@AؕfWYeX\r6\nc\'<9Eƞ/u,8bUCP6\nDֆnX!6sdjEj5\0}7!?)\ZRBsZA^>S񟀠,6l%L\'iVK9~xiyjW;)I9RAiJŢ53=~`0qCSL,vvF4ʪ5KS/`_˓\ZnKO\rm=s+Bw-F\Zj̪mVrVn@<g\"a#5vAաP%cU0G>	~D|nJyNzF?C&nI*-Umm+W\\e6q=Hg`pQAD~\Zr{)	]eyFTҫ|a-6rD՟s\Zzvo+.ho0Y@{ى,5q%oя>Ss~]ވRsAǅS2տudɠ=M/[VQU\n\nD)!6߈f5ϻ\0?,1{i=Q{k*9LD2x)]\"XWrL4Ց=jtqQXbG*Mæh(SFߢws @;sIz4ANLT\\W4q/GeOH;gTK(VK虁E\ZWWY_\\}<д=SvXhDNb=67	(6D^N9)QΕz\n$J1smZ\'\0x+R!50Z~F]Y2dq})OF6T	r͡+0zjf}pOdhHNVN?Ӌ\Zfd&nƅÐʠyvv;j-AiA`_*7uN!cǞYT\nqrNkOy\'HXzq|Ҟ\0d\\\nxI)/L\\\ZMC#C\"LãK	Iכs<^4w -(\r\' zRLFޝ?@XК,;km	߹ I\r#q&\Z;\nԡ20ͷfsK2抨#yLtl	\Zk~95f:k].wū0z*Vkq[U<\\}P4C7gNt\n`5o(\r/#k!NUHV3/\\`\"J{H>^%[`mȥ(\\Y֬	J$FxJg\\Vyig6}>Zf?﯈5aUwx U\ZDY2xqM(^/y).C)dG>M\'ն\'әRꛣ8k &+)j.@D-V]\\Jg.`X\0#[].?W>ʪyͿNt)/VM۠uyoze\nԎ}o\nq #qtHAH\0y\"]\"jsJ}[5cF23{<QMw+HLSsk=\'OP\\R4/;W8mR?>YgZC}\rPIC|*?)xklŸV/%XӦ{DH}t{d[Q[FC[ߕg\'&%`WV2K	ANE!t,46q[2kT|CHtyiIQ5o[mQ/J`=8q;xE\0WiV*۸\'\ZmQ_Ix.kPםM=A	IZ]&	YpoB`W,wHdGFEKHt6r{\Z̆t$XITM*;\"΀P!Pf,H&v;ߪn˔4c˲[	$TrZoGR,~1a%)\'mR\nNXj}ԧqҊ%R4ܩ3FH{=pq/,\\X*UjpT8[{J_K `[F^W/Y &7oԱ9~*N;q)}<1tlв$ GVEO\nQ\\0kȄ<liˢ*\Z)7{#(7GzR-SꕭTbACAqo!C1ʯG}J@`\'jln	w-񦗍Ϙ0oÃ4N#Ϛfí\\ͦP-p,C\nW#hO9DI	Pˊr1ܯ9Dl3Y[]ap\\sm:e	?*BARӳeF6R꛲DT>qlڧB<$je(GBJپIMdebvmUYx܆!hvpM%_\\\0hm6)Ha+*mn~0t=p*ps1Mһh3m?v!Lm#@fp$q}u1\Zso`PptnVK RǄff\ZphAUO>ڳ`FXκ~2K&a+-2jMx$ `Ⱦ׉lPc<: O\ng?]#k7JC$:\"\"aOjV<RQIAC=,bS2cWv:mE-\\5п\\Rv\n.Aۑ5s|-1j~9T@@#:tE}{Xs5lZwycm\rP􏨿vw<%K&FɎq_Oׁzv}5<ă:!	+\0MjU%\\O]}T9p4-bÝ\0pZA((N.iLniY1IT$aͅ͹GM(jTh7~&؟\r9HS@[fxNPG GA/Dn6\Z$>jrnW$	&lWXc [5\"\"8ȡI:&3aɘҐCJ£+L\\iu0%D^`I\ZX]=3[?ɵ]ޔ\\_LWj\r=] iATzI_S*< ~\Zwt\Zfmģ6H>!&{!$\'u3Jtj+ƶ6D@;QEꤩ,p0Ժ1$~H[{-a}WScb!\'	xP-|*M<*\ZlYxtbBM&FMd	I$>g&)ǿcZW}sP#LrINdOSfǍ&W\\~!wؒQ㒉o*U)R>˥h.\rwO1TاNSZ	%xiȊ#vNFm>1:m\00u]#=0H=9[Q?ODDm0TH#}<8\Z0,<3=W=\ZSE5xݿ^4լޞ̜pp3 U-wB|hnӣ/]h;ls\')0xԡph,ݥ7DlZu7wSAx*FJ[h@]X0o^669KpAF|ϴM7goc~[/I9C/O<2/u6Q1IHd-=A+\'Lra\"4>\\Xgׂ+P8,b ޅ3˅Ai^L25.۩̴՛Go9*jޥCb\0SdEs8kkU5dИFEH)h{j|JaGMCzVBpr_F_r#xO=K!r7\r|}Bv9K`h>ۋK;|}Oz%Q~R\Zd,`IeQ}B3\'\Z`]᭘swO_~=jWbxceix^y*vrL@ÔZt*%K4M% $8IOR5DȏXPq0F(i+|_5_dPQW@l&bK/*&᳎\"!g\Z}.f=6ǆF=3{N\"@Jl;ȭ&SIӻM#PCsMƊȞ93OAz]rwY 5\r\Z\rY]Sz\\Jɹ,V\'ྞ`FnovVL?1\ra<?_|=3OYx','Longam, e gravis delerium.  Versus esset in dolorum cognitio, travissimantor quantare sed quartu manifestum egreddior estum.  Multum gravum et quis gravis et plurissimum parte brevens, non apparens vantis. Sed quad estis vobis homo, si ',0,'Schmidt','2010-10-17 20:22:18','Avila','2011-02-03 02:10:39',1),(17,'ivmaha.xls','C2]3L/9pϮ/9ڈCBb4W¾{@\r{)i#h}lZvS?z\"b.+&j&*lˏR8Mk@X=bkuœKӮ]n.1_Rr|H+Cs-[NlŘV=o\"0 V {+Oڡ5nI>* ~L`5wiʿFl4EKs5t0\n-#;eA~_.kz8UnfG^K#0FȦn3~-- \"\'6\"eD~N#E$f+9#5i{[??؛q//R+9_\\xч0H[\"6L	~bPŮwtnQky)&sNCxg\nnh2ut޺?͎˄yor55H`1}t\0/P[T:`nc_q.wqt-#<Ho%].NEs}\n;4YQi[YQ\Z8s9m?!ߘ !eTVeY~Clu{^)Ux0C&j)^W`Ti@׫hu˶ڙXڿKGB)8؄-c;sڽz\n`i!8XQ׽ё|ml$q;dhשTѯx$m-65wXRHUlUL-Xkܬy4rc5S6QɬG\'A6Ouh%qHiaXOwg3̕Q:(1}#!dcr140\\Si.WB瀅ne;g~~)hkeUs\rwY\n@*\ZX?s\\Ħ%XؕLc\"Ja3nY=\Zі\n](Է\'bxg\'jh$̴ײ?Q/P:Yn\0\"xsu|&8B6,_Y)sW?v÷c\nM\rc2_H^=ʮfIVmcX䁠0=\ZRQ@MpLFFu|ulZZ\nzǾP?HoS]4f<$ͼH3g\"-7<H&/8\"JvNGƕ5j>PvU#;Mό\'\n+Gݷ\';Upq1qj0f5֜mTk|.zi;y:wܩ\\\ZJ>@H60s4@RNv7+,亚\ZGl	\0gS9[M{$7pf]#,;mٴ[R!Z;3X`:i裙Ըz	޾z>G2if\0Cx~)q$XLN-<p00n7di<_\Z,3S0@^@SwrezPE\"	\Z\0w\n핥cJo}1YIq\\z)Em֌&u9nH{)hx+cz2P[{\"ːĉ/Ԕkm=i줶ZS25&^ؕf4^8=,jӡ_QS~v&)ii)8LmiX\n[IpP \0TgCFԪzь\\x&h%.HuohŹ\rv5Gtw۵]h\\Y)]Z	p9WxPnh50vd޲\rTK(Q(Ww)IpYnIa_EYdN$0~R!/\'=\0^( Le\\!:qW%\n\\>2&$ohdwcf\nA˲K}q\nOWf> Z@X@PDvo*L|DeB<g\0bc? \Z;v=Zdhu\\4TUI:.&85zڪҵkD%{{5Ox-fHH=5x3d*22XNf@oxDj\r(ŷ;<ݘg*%]ĨF!CT|ޙʫ-nw\rZd-Ѳ롪gu\Z\'ruߵl;\"EzY^qJ:{ c4m:tUDDMÝ\0}GK߱Tݖ}g|aGW\0gИ{b	eFF{\\![=B_AAeJ(yD_-~EVau<zӪ+`]V*U9=\0IbN=!k%	A8KF4*#67#Jn=o0.lV}nfچHPq͌ZҦwg\n6\0_I|$:w\ZMO}#Ɉ<PV	o\rvےpcr]c2ͣ;Eap\rkrez4=DOS/xہ TFIRá\'Cʟ#,]e٭y6W	\n\rܴ5Ϟ.?:QH|\Z<\rӀEreVz3Y`A!#)yk\'ȋ(Q%t2n`T={0Ca?uz݉:`<BUm.0Kf* c.M3(xV_F@oy\"43·[ks/.EnI\"|;+^<br\\=!_Ja0l󄻀^*wZ7N>Ew\0+/+Ùok,MA\\O BJܐ\0C|fg)W\nK1A#VP|L鈁H18Ϟxk:cD|.n|JřQ~ʿ}J[9_]\"u\n.<WE_!ڌsz˨8l5q1,xF?T`\n!b&5X4GfV݈7\Z ,°Ol6_݉&ztR^	EhwOixY~+BHe0׀lm-bY.`Uӫ,aF[X?Uv\ZV~RJˎZ v_,؅\0fw:qKTYvU?FHtPZd*dy0JIݠ$q?k$!F\n1SK3\\GFgmiA]һ*3ZLd8\Z0xْ`\\X̈5L~tq\Z\r[]5	Zyyo?Z΀$Uq.@rYjI7&Nq$Qz4};âyW1FM:efM00\Z:\Zپ,%hdS)Kg7%\'\0L?d4[!ςhϕrsh^hRdɑ	K2*o\rcwtm_4','Pro linguens non quo linguens imaginator pars fecit.  Et quad estis vobis regit, et pladior venit.  Tam quo, et ',0,'Huber','2010-04-12 21:12:30','Mosley','2011-03-30 01:14:01',1),(18,'rkldosmq.txt','dFfk}.}i∝33E싙fj:\".R^̀wESd};aK?f\nOT5ѳeA] DfՇvJaAk9HmMR߄%?X7rrȨa?y?Z2qh]tc8K^?)<v?c	{\rvKt	%	mxP!B1ֳi!=ӐX5ͪaU{F2Ūm	O1\r\r1gy?\n8[˭APO$oJ3GIQ#>l._xgaxK񼟬C	w#}OKdO\"Vݿ8c9T);N `,Ifo+*Ƀ~ZSC$o<aQD\'}d35jx1W26}?CGZ:W/B[	lJ-5%]Έ!?Nw	<c+(+\n\ruI2 <\rcz&-2~,\03O{\'Szx^g}7 [lSҨ\"*C%\0Er:[Ohz\n٦\"L$7=T1GX,]B:ːuPFc鋤O%]qHͱFƶ%k\ndL^S_Cȃ}7Í[O]f\ZJmb-oWVHRON^\0gpYSfU6&lVގbn}[?qpgoBSt_㺡aeYaj#wYhw\n)kʢV\\z: )=K7H?fb0]7o=!(id{bHU:?&ZSbP9 eCoɃ}Nk_+.Z:\ZzppM?8b㭗E\n)Id؈罤FX2W\0(w5(_{|IZ#4gdQYRD*5A4}]3rPg<i:T\\kn?zO`B䘣heBH\\*-)Eyg?$X5%ѝ)^8r*c&#0&{MǄ[9Ng)6ޔώHf#QߦH2f*2:hw\Z-߀bvamhJe>iu%dm2,YJr{O%z$lЊt*:l+#U\'z\0)HA$w2M}>>A$xj~غl$BtzӔ\\աb4pL(|Ev!\'/E|k\n8`FFIv@ I2qyܠПc=WzjqO)5:@e 6?PuZ SYuA3:`Z?:-z:Z0r.a\ZЋ\n+_پ\"0B\"1^rR<g5Ϯ޿h1	IZbu\'\n_$ĭ\0ذWBf,jQsֵ	J/QBn=C30R̶*?բ(}Q;ze,&%Ej\nmaaXfF1f<$A2wWcz-FU |\0{>VEKg:CeQ&mNHFr#xr*Υ$9̏zU?wpYcd@8oZ`8qwqa-?q\ZLMN6 %!s0ss~jMc#ѓ~:y8BLVbJPo$3׎HP8:Mg`pz2\0IXшJJ%P(8]);FX[HE9%=6[boj,7^	sNByo@p2IĄ?[|f\ZruԳ{7 mF8Uҏ+*w\nMvku1I#^ԐG\'-2͟V@L_MVjc9\"{NQvIh@03hKj]gge#$_@)}\Z?MryVX{\\>3WzȳD<0|P\Z;	AN^r}sYЇK%+>#\'zTP=ҿ	Ėu9-9﷥Ǆz%{	juiy{y=Ҽ\Z`6i?W xy|)<+9Gh~DOWA!DZhD4C=q^ވq\rG/ 8Z\n8w#Z^\Z;?4[$K	izd=[Ԗsg~<WxhmWH2\n̼~zM4C1sOeeWGXf}@I?aaS&kԸ͹6d˸3?1ʝτoS\r!rr;s{ڒ(*}c[.H@KsW\"\\_hkR)2KIXej^\ZUEԎXR]h$mArLpae=H];g\0{F؀N]LXǍˇ&E\'dgWcqvjX\\i;Q\"~c\ZPYIG(6 m+\\4*@&1?et\Z)sh&ȷH,3!.l&#|V6̸xn) gTMt\"2:@Qa\"ӰATX\ZFuqTWDD+DAssj0:muQ	@Z4W[ ˙t7(+\\U\n_~(]T֒,IeY\0\ZQnM&ta{ KOh%,\'T<m;Ŵ D2p6,zW&) z%.z8g/69\n&	`*	dIiZ膙wlB|#JTyz\r!:rZfHePb\\l~O\"\n oVˬYo)}LvfI*z=ܞuu7Mnk]\nYž(BF|+Ak)YKV۩lSL?B<%,ǯGZ΀yfa(\n U{.u4u]|W|:l~DJ_d))=++Sy\n킝f\nʶpjkƳTMWqv.Eɧ\n0=`i)ng|rV/P-P(DpRᩥuSǏbyy.?Lqr/z׹39ln0Tkyh(FP	ZF?N~N\Z\0990<a\'_3(\n(߈;~)Ͻqsȡ\'Ke,5%9u+nKuKӒ<8pճzHhrGYiCWY:# P,kdBvjF˵$O~-&⥃=y4d\rOK]1.к<ݩisȒ`!8Ͱ1ňV2|OlD;	}2{a#o\ZCŮCH@E/c?IPOEq9(+PD:	\\K2 -ZdwF\ZnsS\0>P@JaW$?<VOT};Ӭ.ܛn~!KppsL©z\ZwFsE!Z/B2l98<GXŬv4Oꗁ)Gؓ\r:ȕ;fz]-^R#ōc1$owx:15b6\\9/6Gcё\'L`\rn8KH?YE;ZOjfdSO\nZVҳhFOcFK_b\'G[вu:2<hp; Uw|qv;&(F`La#e&ɮiO7\\34Fp)2dMPdjm:CYe.DER\ZY[ܤ}/aγۤƨJS|wwg\'NR0f:\n*Ľ7u\0Km3+gVS@ezyQ[<twgV^\\ȫ|6F%O~\nL$j_|#A(z3qgeRqU__߆{$#&\'RQ;ύ\ndE	anOJ?΍tlC)!:\n>g#\Zc*\Z]Є؃JW	8L=-5\rIxli gBN5f\0L-yw;ޝ!E\ZvuZM\"Pl\Z]uטP\"2X/(*1X+*jJ#J8%3-X9<pfhřf>$Y\r,\';Ab\\lj{.J1W@\\%\00^3x*Go\"П%1ok 8{X,\nt-n諛i۟uќ \"#`ɮOq]wX3o:\rzb{WJw','Sed quad estis vobis homo, si quad fecit, non apparens vantis. Sed quad estis vobis homo, si quad fecit, non trepicandor si quad fecit, non quo linguens imaginator pars fecit.  Et quad estis vobis regit, et bono quorum glavans e funem.  Quad rarendum habi',0,'Best','2010-06-22 12:33:24','Ortiz','2012-06-05 04:38:26',1),(19,'vzlyqot.xls','ykOB׊\nJJ_T<GՄ~rqa(`r/qj\0zwWvg\"pJpY,8/1ZBl;wBH.5Cp\0 bbЦ%E	U&\'\nM*ք+r\r+xCJ4mX2*!dsvThkC(2|O	/ɯ6,8&}.-$UQYz7뒩\raJWN8/W-gJ%H2aE0 ˡJv\\9l҈]W4h1?\r\\7dm4^Αb.	\'>lJbi<{xXSR9WyS_<`!6/%/,B;e7ZǚG\Zﬡ\0ehVl$M	+B=Y,RYj%J몞\\>LǙKkd2,?\ZVP9T>Vɸo*Fl{ShʬBm&z%Y\\gMI2.Wu-Iht qb=?\'ЉVx\\=;LO$+@,Sjv!ܐ#𔊣\'=qoLL6\r\Z[lc	;P\\G9CncÉK<4H׎ÌWv A/s7SQ4xfhl o7Gx\r5OIX]Aǩ#x7x٢CmܫqY5&}	P+՗HJbr\'T=2}lj`ò$RmѸEb&a`K@XNQ*ꨯ^b@~Wk:mnyY8l\Z<OmȚo/kQ/l뼶ddm\npg co\rï㛺i).tpwВgT\ZY;W\0d1{:BYD\Z}\ZG	Fc],9bnq4\"B^B/RO\0\'9SG[h4T;ۈ\Z;*R2\"Bp\nme;VdH]d%W\r%dlRZ^zZ~ԬHHm7zW\\<~JrdxrSn`Bu2O\'d/94MazLmYx #+D\0侼+V<C9%Vxf\\ؒCNyp0apA$EVF(oZ9+/]bȰ3Kx`\ZNs|YrO5@?#_g$&Y\rb	tA\n[<6s2g3۴_1I>\r.%)!6}~X03۸!)3L|BǓ)U̿܄Smn\0[3:ǐ}޽H,ӷ?(1_nLuuI,^//^8L%X{fD\0dW\"Ip+xB@#[=~QO\ZW6Gȧ^ѤjoL)Gw?E.ꕾ]\"RCV?c\n8;Dvƴh;C<Ԭ4&	kZmIl\'^\\7fצQz[\r\Zq?1\"biI5R^Ȯ^8ukILF^0͏8sq;@ih)K]b-?j~.5@1[p-+r~s}i,n9Q3̢ڙXX`+^f.vRPR-~ѐ#jQbB!4n@\n\"F\r\0HIwN3 G=#?cTYv\Z]gPtDo%N\n#T#༸q]%Q9ˑx-PXB@h:_O,xk4L֑\\C];+M+lč׎ӄ\r2%I4ȓ)FD˟PiugYcO0dR*+boXg`trHy>gQӵ\\_.RdDe0u	t2:c+|`$#a9M@A|4|crk}½񔕿sA)!\\w\n%Ҹ1wP\\yeB+-<,9a;@ϛ?\Zgoet-lVFscLIcg9I!Ym`-	{(\\\Zvۙ7la;UiutO& o@=4I{K8\'7KSgd4?Wu0ofm$WhL$YFSǇ<.pD^M}Qe.ȟ\Z\'K]قv{!tjŦ7.(m%\0Ak2[jniC]>;TUH\rti;M\'?LH`GEem\0ވw7\\S|V_Vcg< hcĊ^2T)EǬ!:OX\0nxKU%V52aH135>\r2l(XgXhhf\rgǝaIʃfM-=A5pg˲\ZՎ 2:`i\"GO]\0W;qc˾_ؖ.Q#s,y\Z	˦\05aaiyx:aX_ZGHQVXj;Qǵ\"ܑ#&Vk,ώrdRQc {y=\'K=~e!|l%XXdcB`D.д\'9B] 6T¯7\rѝ7> dޡM!&BkAԽm<[k)e/TP+cIy9ty]26.hT RDw]ZP\rvbU8n-&g?Ѩ$F#l0Y[=*XJ9Cw@\nLѵ\rPa|_TC, Qm.R=뭣ߎ<YX >ys!-Ym!kzNphM _7(UUI+T$ :\ZL]\n\"MP\Z;~*d{K\"_oU{Z%o>|<\"?|]Λ͢xꋏ2笣t}2k,Z)fr7ǦQϚ7p^	<;a5&b=$g/w½dMڠ;VbL2C\rf;ɤ$e.+8ǯ<EB`	doM	r6/L	ZM5K|])Zh\0o[T+%DS.@CH۳ǲR	?\"BZCqg2pVFb	 .~c41\"Ou\ZDkpkU6B\rgf\0qMv/c','Versus esset in volcans essit.  Pro linguens non trepicandor si nomen transit. Sed quad ut novum vobis homo, si quad estis vobis homo, si nomen novum eggredior.  Longam, e funem.  Quad rarendum habitatio quoque ',0,'Weber','2010-04-12 19:56:13','Nunez','2011-09-01 17:50:55',1),(20,'iiabv.doc','ed|BRg\"&myE&\Z;4کMTW$W.y$RA>]n%{wjrTO^B%F#n\Z	Cbto.eCW5(B~\";mNCU=9f\Zx%EbL\'tg`j0mhZ7CqV9h\"}:v&mI\"1ރܫEi{Tzś7D[XFg#>=\0kCK˂g6#!(hVf_9FwUz\'J^̣hPkc_{jV];P`	⮿M?09YBvE7vQ+jZjR-R `\rơP|QwsKIϬ1_<pzTB]Ȣս\'>ZsB	E6B@㆚c,g\n05-k8,J\'\0\nܺ8\"+7Y(\nBܨPf@Y2\n?M\"Hrcu(|DSŁF=\n\n8{&%_xVjE\"GIl=ļm0o=:o|em=bZ-|1:,H]:n|0FIS~\n\Z++h>bMfQr^Z]s.l>Sq0`|[DAM7Vn+oc!;_fzC(؉w[h[2\rƁz`fROccF}\"l4LDy!HX<9ctA$@SX$JtRLu-Q~ 9 {|oLz2!믇JTcu)>ocY*Z}pj&e EcѦs;~Re-1:\nK&+qT=/X3Grpt\"z[mԦHO&6ٴ.ja\\el#*vWP%ZL$xWM_<ĺu$IQliuH	\re`A\\N0Iq݄.Jr&<\ZP,(Yj/2+^uڛD2Wkζ`$\0#54S?p<\ZTm	mRZ	11)/eJnRA+RUAkg^lo#3(Gyxꈟ=/:ڃkgZiadzVi.n4l`v2Ը\'b}Vba_?i,հ3#H)Vջ݈5.iTI]45ąJ1/Z;t\"t\\]i͌i\nYʆ6PWӛ1^2Og:g8ݡfT&%\rnvYA6ajNYr]?Fc-cZmygd%q0Yq\"!Z\'2j+ݱ$6=ն\nyq|q3OԌ2ld^\'Qp8GʰUёtVn>\ZWQŸuE\r8+~Xsq\"E}uyC!E/U*qV	8\'s93uPFB/6,ye\"G9-#cwb)MP1Cv],בwխw@a<w,wtyqLHQCB\"qd+V\0H,Ke% /1W\"#ɁY%di&hbt.m5G[	(HW)C\0 Uպ5[xf~JHF~%b\r}PnNZ&ŵM!$^ؕH݁ӧq`u:_h[2([ayz- J5 %!sGMn:Kog^`jFXUIFrA8:y&mJP+c4C>\n-A	\'+La\\4lb-kSyAL:iUM>\n9?v$h;cDw;\'N-ٵ_H\0\ZH9]{j0wmմ?&s7vN6ƙ!>f0rR4ߪcycU&ۣYӢV$U]̇ZLET;JfHi?KJ=eT4\ZZTH~ENq^6TɛBn$M=9e0OKU͘s_\06{#UeK1u5ǅGlQNh@nğOvTf	/#=z,u̶h[sG16YqYbY~Ӣ$*4s73YWH?7irPܾH#嗁=&C_E&k\n3m	uhƝ=܅&\nR\"xCGFYeAt?s`\"\\E@NI1iQK\0qcIq$W	M;B=W+ukS{1y{ j?,VVkx}0\Z3ўpR0+#5\'dD[AP[%Mu\Z	00gw[>jt5gŵ[~vBaJhwbM@xAfYS0pkzKwրX2c}$9&Mt=kvNV,v?lG֮tKYk\'HUq&Mq>fYBf58i*|DWְgqEQZ3XT+@\\!r!>֡G5򍲂EoXbg<o}6E~K[풥|\"DRHƉ,KlqvWܴS#\\+XE$l3x|&$S530`Iu1/^[	e|HS7.^5K\"\rn<fԊJzsKe5Z(/?ⱇ~JTIt[.g_烌]Zm}R wSa%V &\05a\0i2i	GQh5t#\\\nTTjSEm{\\cHJb:Nn<uYhO)?~zNd\ZMP^on3\",76	5gZ 4]-(@ dL:5\"TL(DPBӌKD2@~fREH ~C:a6I-lOJ<%\0z?GXnB\0?.P>|\\R*t#iAg\r5p%G	/u7gh)&gR0wV2#F܃qc5jM>*3yoS}(,\'H_(մMՏ*p%cJ8^RFsqNQibOc\'[8\rm2`lj2uKqӾ۵,K[p~W+VX}QSիk9*yV0(/ݾ-3:5iZZ&)&OKW\n\'=׳pIj*)	/q{s4p}Ш8sݰG0&rfiBuC><ofvYP`x34hF\r|f\rDKnJqZ;\Zֈ.r?cR4\\%mڣW*v߶hm`z<HѶ&k&e%(4N0;GsgN3R?)Z<s?-_fbl8d`ȥP%5gC9h^t`zNأ?\Zw³Aq=eIDeAF[%חwz]uNYS5\rKxшeֈFL~L?\rIEYL$ü0g}>Ŗ\r79JtߨW|ѝ2TG8Ecng0GK%r&vLQSZS5/3Hi.Smy\"zOQ[Pqg?w.~t$=,|;k$/IO_-R}D&	ط<9ile	\\R0`iDVr&&8\r/\0ufg\"fwN%-(\\`,D;!m=ޛCl^Y|pӇu&Z̓Jt$kZPͽW&{NevfTbgݒ]E>|s\"Z&M?[3sxUXٱ;!`v;a?a>o-!+u9\nQ樧L/.u?f&pify4bzblE\n/{܁Wel}vi%e7ih#\nh+mV3IZh`6 HLMRףqbO}{eV\r9Gk	sf\\XcV&1^WE>c6,Nզ܍V)i㢅X%Mh/\n= \ZИ<|Cjd?}::s^+\0GjHٵ\n+꽟-yRUqm =8`숫3AC_6ybuCRQP','Versus esset in volcans essit.  Pro linguens non trepicandor si nomen novum eggredior.  Longam, e funem.  Quad rarendum habitatio quoque plorum fecundio, et nomen novum eggredior.  ',0,'Williamson','2010-08-19 13:33:33','Lopez','2011-10-25 17:10:54',1),(21,'nmhsc.xls','sSA:k>,M\n&žy,FkY,J77\'&sIߊI\r-Y_ўtփKBD0me-7J<\nFGf߫gń)GVNےDyq VIK}|jVb0#5y1#9đE$*Q\'~ ~zVEυWX2NmݴdOu4xOK%A{/+x+TT\\٥z$¸PH}s]9Fq#A^Kq\r#Xfvhquq%wOk%ۂ%hu3rUAp<\\\"%z˙Kh$Q0o]BF@1DPCBZH{+8kAPf\\x}ȋ$4Kʫᔐe<}8¯8u>p~l|,qL`{M-e>SzuKR&6$;l6i:0GbX| e!TyI:)(.E;дoҮn9ƫJs*VRHXA*0]4@M,)S,\\e߲<Zƙi4x?\"vo)H0K	 9ACʳ>ChBGl\\e斨乍q(o8eg~,#ޣ-e}Z2%Dbyw҅^\ng˻\\B\'6KPJk>wt=Cϖح*jqCbb_#TQQlXeZr})1ZT53prWYBsSckAWM{Wb\'cJ:nM`1Fb+C\0!SʁLԙt>셢\"^꫽\rͨ2_~͐w4zg%nsՎlnaq)GEn4ƥ151\0ԆJѝ	c>l\\KS*\n<-u<M(s`PÝH8bgvS_,[\'A+I7A`ǣg-!{=pf:!1MQ{4QݝiF!,B$g&NgzQ_N5_q91XYnnB:+Mi0<`튢!feK[PK4yX*߿ɳY-\r\\,]mȭ+[\\m!9x4-Yk`z㩁;-$X\0pgKʳ,I=AxYo>{!mg\"!G͗ӄ[IN(NHiF}(8c/@iN0zڟ_;I3NA1\Z.Φq3JW\\q27KjZ`3DBden,ýié@2w@Z,SӨ	\\~e>PXۨ;:TdBLȥ{EDe/CP\'VP{iT4ِ8;5,e\\>l]E~sq3`\\:3ʣJ<KĊrRisK{z@P.SVQA6s`0\0LJ37pY~h4ɊEzy	`\nПX8nguBiOvrI-r?Pc>ȂO\no9k Y\r\'}+gM:18Ԣj`UK$_.wDo|Z\"L\0Ѧj\"ۄW io\Zύ($=(3 ιkBtMM6Zdiyi)ۤϙ4c9K<Oaik_jБ\ZXf~|iN~iV\re-JO<H0~lbW{\Zlw\rg[QNb8b!1K*][ n2;	U+tf~6FDa&Wcnԕ{S&n\'F2\0BaOqݔ*_h4[ZX}Cś\0)fy\rq_,U	ұP-^RX{G¢Eie~[wtb\' <?F$=0x!+yv:`9@HIăAi	C{`}\rIN;5i~HVΜ\\ʟ+tބЏ[?gh@ys7\ra+3<G#\r\r\\b>&okde\\,ז#C˜Rq\ZYo5},߹d6cG?rOy\\i8,r\\\rvÁf\nfa%x^\'n,`EjBAW23C3ӕNUTp$dj	b+ۍwy4SznQ3dý /&2kj5| b6g&lGR)Ϥ}+zziKMK̏D-4Lf<RXþstz31_C4yYLj\r,OBиƺތR-֏Xg\'\ntA\\Us֭nw 5کJEs-9כ( qد~D$\"\'{(cR\0MẠn/Nmb\\Ġ`K,+by^5Kq;7{\ra-[w2b^kfWmr\0[6ᦣVâ٫yDz3ŹP _bb])WZT5ღ(nN\Zh,XPN;A[˒\\9G}{ylbQfP:g)q8Nt&4\\z9!-nlҦdk[9OE |wk/nܝE(agVNC\'%7Gxbi7D}mm@Y9x>pK:|Jdr','Tam quo, et nomen transit. Et quad ut novum vobis homo, si quad ut novum vobis homo, si nomen novum eggredior.  Longam, ',0,'Castaneda','2010-09-24 19:25:49','Mullen','2012-12-30 01:49:41',1),(22,'dgufdvoob.doc','/\nk9@@U\"1!4{h\\Ep3,_wlN֠,[fV,w隄N\n2RwsFfu$!3g&웱( i>u\0=un>/\',8YsZkK~,wKfJ[ޡlZ}8}eC\'z)\Z#6-j?%M\01kޘY7=5i\ZjȅsZD})6{fr#roi\0k>e\Z.IrL\rs^dux6) Va8uGuzVnн.ȃ/̧k+a#rn6)OY9i1[jm^OYM\"+W@/>9;ƍ]:G?˟i@ǃ,%Os3Oq4IWT*)`pk~M!ay1[j}8nW+cVPTq8/&㛉FK6X\\\'Y.{Ky5Ǟ^+PsP^aF= =8a|WiɁJZe{Om\ZX@X>A5:bA_˳C?iJϋ%pt<uj:\0*WЮŒ㋾4V1lWhz3DƼ(0!䅇e(]h\0PV]\Z.&u`;	=sj>!ho^*,^J\r$jz-S* 5%!*A04=\\Ɍ<Gk1Qk\\%Lܘna10RKhBbA:gx:jX[m;A\nYؾtU],].&,Bc__7/L^PTL9_-]XZy:l?)ha,E{zd(.u\Z҅cgf8?\rUge0\'qev968}7< =pbmfY]éT\\KF,/廮֘+D\ZjqpN-I9߈gmsXAVA}8W%kBYP\\SXbD3PI(9)zh*\ZyZ( I4J83r0	Ԃ\"@ot.H\n@\'k7qU\\b05\'0p[Sktԝ?L`SxP[M_RE̐vI\rhJQu-r\0 ZoܞDt*tK&v>-ЕTݣF⋬ɏ{Ga~,G_hS,FMi\rKJoC	rߛL^q\0f85g`_xWI\Zg:0*X,ZIѤtOʆkWe>l<6|V\rw-4q#C2\ne9m]91t.L,IsL)Z|f)\"a\"GczTCϙp;Oa)`-dzY`nzN9?j\'bdzQZ6Ù>/\"8{\rK[exLJResl?~1Uhϑst_u\r9h(1rF\"g{#[5pKH_ۀ`b.\"0G;;Խ>q-8~t\"pu:^3%c%4\nL,gS/:vq]_Wo&t)JxKH|Ǝ)6{9S{PK62v<|tIuu4	;Dt}pd㩣\'HQzԒ4A}$}&a`^|$q\0V|*f\"3u[i{m#dl$q|fU㟥a~[Iلd3!RI-|\'׬;bi\'`DLwxO3 IT]w@v65,?º/ᰐedYIÛ͊}y0\n-$>;R\"}L|p/d Of_[ӂ[+}D\\O=X;P٤hzܾ+Qnm7:lSSY傆\0[UmrY%٪V=bcW֞EYl)n-#\ZEҹ0k0KZs8{ֲ󨻜B6@hpbTbJb0+>\n4]ȸ}v1*E \n =_i,WpWIFEm\0IiPhcU i٥ʈ@1Wրk\\;\ZЇ\nK^$y0P+ԖHƌ@jOZBYגwj+[GE}\nsJ5Aڐ^ҬqNCfk[y	pLm\"Onmזe=+=)_30մ`K;=ۜ0)(?52>5=a(y;\Zϵ\n\nƧ;nəg&|\ZsRxkcfb|+)8w7&(XSS1 M[cB*P52@s-TUdYQ\ZxU1Ovo|M1a>/_HV؈\"x-P;[GS$SKQ,l0ɦvI+$N%=aUH9kZ7_\"Z;j\nd/ϵP[l喈ɢYq*/{w}R[b-ca5; <%-c<~,\n#FE+{1T?pnl]0:vSssɘ`9G[=`JD\0\\\nh!V#;3PC<cF|\rF@v\nD|/\\Rݤi?Oռ#ӶǜO$ťv삁&QsT#8c\rGvYz_ňBeSNl{9.35x!|ߝ>J38UhUc-oeh@QS.ҷ#-c7\Z8&Lph}j<Vy\'^jFcAP,\"TM3UJ9tv{[7L|bX]-L\rUomauB=	8)^d|^~pN&yP|,.![30*kB<Y<;J=4j3gSMѺMԐ[6<LNJzM<k^cgCbn%h\nN2*:!L%l 7MJl-NTL&Bu#ݥbIH=ӧ̻w-p4[DśnPyvZ;7_f};{8]\Z0[1,~HTaP#TPni~=Y&-R\Z$oFVU(4 \Z@$)4ioAOYΞjÉ*Kje7@K$r,<IɆNW2[8e}ZguE&(8:Eb(U:78X`YrQ3Uw~&ēi:1Nou`FGʍZD@\nД&VtPZmcLP/pײu~ۂAۣe?ߨP^ 1dkG\0>%	䜵!S\0x1@/aG^?\n~5k5 !~c:e8`h*\'$i(l> qQmƍ}*ZL>V;H^3PD.&\Z/!;>$MP.%u٤KQw5uP\rXǨQ*ki}99lK1S+hځ<~,l1\n^M1f{|c|Db1/!\rJnm44ȢƯ\'{}?gjxyؗ#|z):HKGLg\nNӏ[-J$wQ5ܛA. }/m#Rs])2TZ{16\"G,;x^:W02\'8Z)|7٠r\ZTI6lR//_/[eZܴs|Ay)o[	|4`Lypmxz)sDR\\%g\n7+kS:Ɨ嫴isko\\\0JYdO:=Y%pCzfK%(SFw?,PL\0`[^5J8~$1ms\\9\ZD-fxWԪ?c[b\\<?a~WKZq4pX=	M<V{#R/K7͍#suC}V|YīGsAwB>&|4IM}<j&s6῰W1A؄GwG]KqtXdJ	.nՇXވ:׺4mc,t-H֐&QЮ1t:/jMr,/e9iGi5X[CyԝkBc\"\\8fdg¤iOnh{hFkR>NɘYIc&|i9EoeۂM&0\nG>RR;\nd/|6YV>6;CM}Ǘj)RVV9fiG{vN~Џ\\4S:JꋻD6LYH!KoB2AXL3*҇(,nbAbm~1zMhF0e%mx_G$wP7^хQ+gjUMH1>&cՉ1w:GӐ@*L~!eW^yǑon?c\"uG{+7x(2y-tS\r`\Z[>\\cBLuF\rzun?*X|,*lHIl%_\'v̙ၤt#Ծ\\\07<Տf:*LOIE]҂i;aR\Zif\rZ옅umۼp]milx=L67\'JQVj~M<\r:w\'rea_Ap8%ui>̽#L]Qp} f7;DapcU虣d9#\nsXmN^\rq]zڻ-JkeYCI{z+qgt[}6=^㴇\'4_Ab6Z+{	Z(czfSxxS<{|(ۀ\\t\rH3\']Ixw>|O/DGaX\nkK_5;-u6\"v(0oGgg_`bYj16~\rɝ|;4R4wYy@VR7(z	5E,\'G¡s-$*\Z:\'gY24]hK1TÓ$RrOz\n;z>.UX?]b6bD.\naFp\r5A,TrwK¼J\'ao(I`uUޛ!KbsbV-\"\rߠ/\Z) cEֱ(f[$\'H:SYjff2-.={9l7hqAW,]\rtHM5*Kbz\'w;sYqj`s3Fy[Z5KvFiڼQEQNeMʏG4\Zx6!\\TYL@r;;M.䧤t`,ܔ5A	~doT(O̲g׶n\"W2\Z\'uҰ5\Z8F<ǐDӢDޠ0Zѳ5ҽV̕\'6[i2FJg<\rFR\rCu(\rM#35_IV|$s,t<\Zn	tPT+m\"hYi3\\9Ѡ;-渂M<jfi\0hpAH\'E\0R\r[=iV6~~0	kW[y$`D0qM|M9R!\'uf%$x^ʵk\rs\nxw\\yo~Ur\n`gf7|mN3x^#Fg#vSqCٴa6ѻ|Wjj:zj0*R#~Bk<t˶=wmt˺_I0s\0-wG\'#LZFETo^4u@KPR>O~*nY{RC(߃`\0F\nX1(4*jESR*_r\\ٓam#񄗙ßcPgɇEǣjW_06YNf}-T<n.MsweI7P%2*Tod\"W`aV`g4KhΓ*Xl폂CpHJS?5yHYSse%tLJ]S^pپ|1jω	sbFWDnK6]e.j0Î#[n^%Oژd4Z|6ࣦZpþwrpƧ&E&\"-Cͬe#0o8F*ٓv-\n90fq+5XGzt	RK,!\"v&6O@WB[ex2r#k\Zp	=n*3˳a9:*<&Гh?RV\\dxNߍ-E}E8J?&Qf=	Dh#hg {aw+4Y&W\'Pz\0b[?QZd*pD3<ڶl1lHF_8\nrV>C	;M䉅aVVy)$J)`Z3H\0+g=o5n1^+]>5[ZVck]{ĶΈ7M4יSp\rM\0ñBN\"N{賕톟1鶍Rn4iGvD=ooe#e3r=[v5JNO#/!<Bi\"F9c/<$ޗ^\n9VGtVʕ$RQ@^ }J`eDYwsB܃ƚLñ E58/z0#!?sZ[#iTYPE\\SKj.6oY1(V{Ǳ% ky$2MsuUNeG#tiiel3N̸)UpK\'C%xLH{dŤ|?%;`CUc\"G0ǝK6-)ϣ]x{c& \0~ts]Οf7=RteM{U9(hW\Z{t@=2 	:	u7W],YRഊMN9lI8A2سׁ|>IAm	Ƚ=>a|qób<wHx\05L8X.T.vzޓVNlz,z	\rlWH4R;!(\n-E6qrIwjHI1v-QyTOMD8LB|_mʽэ,82%\0`-Xu)ﯮUSxK \nuIt)tcwȧ~CDb\rop{j+8+,cei2\"7jeF5\\VkB|?d\rɋp6JQ@WJ6k+Hˢ}E5.#5q47%h~[+Ƀ8\n9Hd0ev}\Z)(#69`U<\ryYxf+|.QںWj@401A[cUߏ챦ΧcNPFo>\0#J*/~ѯ Wvewm$^+\0Z*\Z\nqWI7w^vM]:]	T}M]ʡaϩy:ZODl{/usMzG*8U<N.Re7kHoø/WSKM	I=g(*zT%AsFz	qeOF:-%\0zKFcZdnX@F@kL.HƳsj\\\r}^aG$3f]$AmOlyK$\n8;	+\rї`I]:3O(ad<+\0)xZQ3#1\"TnGܐDV4ݢ ','Longam, e funem.  Quad rarendum habitatio quoque plorum fecundio, et bono quorum glavans e funem.  Quad rarendum habitatio quoque plorum in volcans essit.  Pro linguens non quo linguens ',0,'Cabrera','2010-10-08 03:28:30','Hernandez','2011-07-10 00:29:24',1),(23,'mteje.pdf','9z	9J?)YT!4Cϖ45gmM;ǪLY~őTF~:]HtJʻH\'qX3O=-\ru\'Rn3a7lg.K^;^r;\"$)Xj=,uk:39ŀ/0E\0|_pZ1\'L,sj%6Nn	;obdv߭/	zlfk<NW)WT_Vh3?n݆leO\\bkg#F@_{pQz~>SV^InG#ֹ>ʫL4*y`cUűopZ&(@e16@)KxjgoGc팮;lƤxg	L2pEG𑿸6\\;4 o:ȚjAvEDi[yC|5W\nyƘ\\ᯫAұ5^K4N:UC_ȯ\"cZs}8.\0yB=uVg~yL-S;$OIjtq& V]Vd@x~r:CPߵȸ0Q9_* e`Q89nEjL_eO0_4\0/hv=4<=!vvR-	[ENsxl3HX\Zʑl)cjdX!vƲRz\n3S,񠜨D\"!<~X}M,;R~bά\"{0#&C8܉C+,<Ss,A1:\0h\nNw^\'n&7sfU!n؜\0ⶠ7Ínڕh_#__0	ekȘ6ԬsAyrxMPJ}AExON`fILhPK\n_;͏e\'Pzw3.4o0e_]={U z,R1an\050!{\ng/ecǟR\"ؐ>4\0WdIJ\"\"P)aLo,z=b?cH_u؍/*sbL_cj3s-}ϭgJK͌.djA{4uW0me5`hH\Z( \re%˝jUgW!S\'\\6I݅w@uMɅz1? {w.\'9u,SAZĽRgKiܕH9Ҭ9}h¶7cd>4@p,JMn\ZUj0䣂n\\%lӎ`5ZwɈ$bgw%d;HHA*Z	DHG8-:6.X\n:%.uIɏ[[Ĳ\rxPiF6Cpny7;KrI3abN~{SFn@ɫ-}{2F=F׈\0$~~m\'/SH\07(d5U\r@\"HęW⏈kc`2q>5jSV#a+An@v`dgzCߤv6UzJ2ΤSzў%00xw&$+`(;*n,b̎ܯTa@sHqj\\.jcmDfz`\rcǝA:x̡)b+B0t̓	2qO,\0Z \rH3-\ZoÊ[iPΗs4SzPҔ8Wč5<ygUvDVO$9\\=@T4=Ulj?6^\0įht\\th.;Bem52	^R<OLV?0(<v9B3BRQ!o1+lY5.u\"nn4DFQ̦?ώ15	`@0.t<^@{&^(9y\0c8uƼ5TmCgpsBiPFzT|DԦE6=Fno#n9*})H83	=&F\" VQ`|C&S~F:l{0r{\\^L*tqk\0zMjS8tE3A[k6r֍OGhy<QvLyQǾDwzޅƨ2 t]?]CO%`+on͊G]Y*&97?9Dxr@4|lr5GAwpjʱfm1!9Q	SVC>E<\'+Uoq02Cb8nZ.Twvqim8ԼqهYal\nD>>\rtJM&mFu\\5^y)ѩ92/,(E~D˞rŊ$whm!+JY[=v&\nI[\"JAWTdqB5RJKmzD	 !H[RK$6z\\^MG\0g\"{Oo~LyU4A\ZSUu:u&IPЪAZ3\0ēehLλfgF4\nٿtFTB妲IW}ohcS(&HPaz$EaVyu\\\'a{\0Ls.CY*~tB>3M9yt\n̐K2?Wj5`o;cYOW5c)\'=栜*k$y4jS%lv+P3r\r\ZP&=*x0F.E2DǠ~Sfu1,)1=!bmjŤ\ZsB=\Zcl{Ę/S\0~$4]>	A<> e8GXtuhכAJE%Fc]\'_&[#fz\\\Z[p԰7ˊ)@x*q@Ppf$j}]bkvW=PBڴZ%\Z^\0m\n=.xt\nDh3\"7\rG\Zd&/O-2JkXb<@	pVý<Mh<~A˙XĶ:Aˈ9B\rPoMud*!q${F=F|pż.1pIX\nNQYoztܰQ\"za]3Dffjpߚ--f\\\n6BB-Ú+b9P	``#!g׃o1fʐh;f8l&	:@ZOq잼@Y.5eN$zqܳh+_FiZȃDo\\\0R	4]-r0tB6ɽt6KLG3_%cR1a#\ZSց(&ҫA@ΥGZ\"g$rsyCM&֠<\"/ HN7=A^*;o1^.Φ{D6%;}N!_05uL_}v8[e62uc=}\"K\0ehG\"k%#Q.Y)P98%ۚf[u\'\"g@/.c{lBIwXţ7R4V^MdsjłȠ5Lj6wrۮ)1-R}_R9*r;lzF<\r,VAP<NJLnLFypO{QՌ.b0wsvt\Z\n^R\n~5\n>kk\ZƆz#S\nD>kӊ	Lv;XyC_	\n;/sB2Tq$Y?t\'OWDW]b&63%ſʬy\'ly**1mJm`L9̡;a;m,6Rk*>\rR\0à}zfR6DG*y6qHG`GVժ)-;xI#~4GW:&\0\"CذW`@/s;O	ouoHLӲh;%ŕ+l5Pfi_8l\nQǵ**Cֿ!:KXH&Y!x5\'_Q}$~iC\r#=$lO8~mqIGũ-\".,\Z8YN,akyw;y_!S\0#OねIUc#$q0`2sci\rX*mM˒a-ϥ_qC<P8Id*~PpNTD0gətp5B??9{oҙי#\'%<hU1t{WؼG*I>b\Z֡r.OO%M5b-}TCu--V)}gyVKHH}{?sBjQ&[}Zkߘ\0g+6,uێu\0&a1DѸbbϲN\nX٦SɬdPQԺvs}ʇBW3\'[MGD<l?vE\\wU1(YyL.~E5тE+$i<<ut10\'B= uMH\Z\nD.t)1c3]̘T4fNC\0Lr478nN@=.hkS\\071L*w/sD\n)G5O1a/ڪ_~\'!Y&c$2_%^/{HTk0~gfC!k/*&.=Gp\n]¬ڙ?]Wش6(h\0leMwE$Ves\nyDk6κzua^\\UtLe(@J?ɟ%ӟbNߠ-ގb9sXy&@+?EjrR\"fI͚J\ZMشvM\r.홢ۍ,H{<T6%:0m\\_H]eɽbHׇ\0MZLR\rqv7ɉ-\\絀^C{˓WGnQOE:1lE✋ {`Fib0^	J_NN1lr/\r\0W3mw`L[0Vu`#bU}{8	c1ZT)(w4ٶ8=5S`gl?U1Re7X<ЯR|Ԍ^-5m$r褙/Je`8.^\\`R]ҘVs]d2R\'`\'GruRZR=0=\0c	bYЌMVj:P	RF`ԣ\rs~Gi>CĕX3r`K\'el{X{KM|1?(6	Pǡ_ &!*E#\'[zVqN,㧻O}*.\"u\0Y9jEy2zxjm^2(\'}UwG2nCɬ@,dgğM^Dr{MHbx\Z]A2\\$X\0@` $V1TJLI^q\ZM>iZ!!hR0s`ŕ;sJ(P7z(UI_?89V\Z%\\-{֨`t@gHc8oKF:f)){d\rAqh8$Ad2+Tb[fՉ9y~,?ߤ,V0avK)[\rq]0P_vY7CX4¿~XmOuUp9QʗJP<Ȟv2(B@Nj_y|E1P\\O%=^@~iHg\"h?%{bkxLs|QBǦ^2ynsԠ:ХftTs ]\"{@8T#bXք>O:)1\0[i6=yPx䊒Ƅ(d9<uȸt]y25\\xj|2z8MZUm`oOR&/8\\jsBNgmV	K9,{0#wg~|@CX2G~EBЖoy瞮\"\\kI0[?r|,>,\"\\[5xX;/[Y2׃/Z =qXqwl\r<KO-Cj	v<lry7y:mU_m\\ˠzZ?Ѯ(vd04$+G6K{6=FY\ZEJ\ZG]Ryc#\'Rm vOA]t?\0_aOc/7}Ze<__[Ĉصqs{kA\"%,\"Სֹ)\nƼϑkm|NdXNb\'-txp:Rk63sT5WexmjRLh*?P(H0tN,_mna7^5*F92/G01v]/$\Z|h($r=RG-qՃ91DRa_tJ3\nIJ.6n5Rz<^k34vnU\rÐFX@?S`L<.->F%/βq#/ll\0˜0?w7ܤ9R,\"X(\r%1\rYw|2nzJctQBNP;`ffD0JЭ8=\\!x.7Bi\n8̇Y2+dכQ.yK5?fF8#l|)`>rR\"nA9KIUT+ϥ6/OCOmV؁NYHRiMFHS5OͺPMdvEF6ѧK_Y\'#-\n-<qaMWtY\r}%n48a>|KRl|o	o<f!\Z *3Jn#>&\r o!Ҭ[ tN%mLE-0&Ej~\ZR`tMĆIAǐ󱙽ڴa4FTMEp7I\rV؊VkF$Dpgж^[HǍ5%ȋ~P	%T1\r19K\ZB\"\0S\n?~OlTesϽ:fԄT\rFiAtG\"{15pa\Z;`C*M%<WZuO(m\'x/_t!p2\'ǅۤ׸}YɅIT)ƭ	TO_gxiY0QTKqc},?-P7DHꅎ@|p~$uH\"&i$lqqxcuO@\"x^$x.L>uWiS\rcTt}v8W{%fĲ3q\n,r\"qpn؄QxhwC?N U®oJ05z}<k:G%Y`m\rsbݢS  dAh5OsyaAaY^W*2K1k㘾w%SM-','Pro linguens non trepicandor si nomen novum eggredior.  Longam, e gravis delerium.  Versus esset in dolorum cognitio, travissimantor quantare sed quartu manifestum egreddior estum.  Multum gravum et plurissimum parte brevens, non apparens vantis. ',0,'Travis','2010-02-16 15:53:52','Ortega','2011-12-07 07:53:05',1),(24,'xiabqjqx.pdf','A\nY7iBpZNh\n1I*ލ5tCpPwz4Lո?M5vLz\rc7=ȑ%.X\r>8@|<\ZlUi&*\'h>p֐m]Y(z40L%V8.:ݠ;9U\n#:nE%*=MVxT7CK]JGo\Z#6+QXGr7ji̚9.q`_*8򍰹AI~9~6+YfoE{ܯ[V--gN<gUvIIJL\'eVbf+A.\"TKȟ@o]-6n_r*Ҹzʜomx2,aF0ndZ@TW𹈬ɛiE,]׭>n9H)q/w.6嵿OWU+=CI>(HX=yu=55a9Gjt:]Y|\rA@d{eLӴ\\N%#C@G:d))A%	MzLg!FeWo#X>>(h^zw=D)JWdm\"\r?\\}\'C{r;Vfk\'ej[j-	/ Y\n@0mjfh\'Y\\uK6͏ė;:/yDxBC}3\"kguV]WwT\\XĻKU2Z!롩((h]¶[rXXe>0\"`_k,4{7: LCx5WO--\nrFA#ׂ*	^P0%%TJcؿGb+mN`z})܌{ R²N}~2 J3o͸yiЀ[YV ̌:z̧Lom1ݜZ슯ץH gSDNy34CUA:RϏ\"{0C5{ߊ1wHmϕ\\U&IЖEC{S\0Op?59exQح|cEtF#1X*EA1]$TڜDQpf늮E}69XN5ߜ蝗H1&|6E9/Yyvbk	r>p:$~SA|>(Y72%,((/>ƛlZ;8B~;?=~]\\C\'TU;ΏXay[c@d8Fn\r=LuP,G,\Z<I\nHlIm>ѠS7*Vě+ZպÈnRnH[hZyV$}A]^ʍi1IVwiXtXi2$	:=Գ)l>>,Ct3\\v?%ܖ/Q4<ֵ-LZkrz/tEg-)T,$R\ntu\0TpWLLk\0\nվA/?NFHՅZm+GGcO1F	EO7J^c՗feDĜ\ryrs\'ۏ\rrs!Z]@U%o	xT!@92}\r9_ywgsr@Afn%@^s6W*sX`+;K4ZE_8m:o@H]\ruw2\"˕-|m6N	Z&S3/lfc҄Ln|Cp2S&MApߘomG\rxE$EB$taʏBil?.vUj+B~k1QC(6>KoYE\0es9DS衪`O{k8?9$d)΄1(fuV:m[gag=y&~\0s!>dp#`m0c]YkE)\nhl(@{\\PmIYAk*-4N~\ZrWs5s؜x*\nee,-1B8P5nE+C۵n{A{F?m§,\\rVVTˣM9%I=WmJ7A	\\4\'0Hy\nZsH\rKԑ賈=ܯll?TKf<\ZIiOk:gI~Yvf\0d^00QŉH!,a<-\ZTGVVuul:B靄4iVV	k\\Y\\,D/IK\r]v勖-孥>eIP=g&M	m01VS؃9m@\"]rJ#Ji	\nX@9#zcyA(#\rDTו_bpvV၆K/1)%#*ޏ|d	4\0ٜ {pn8wheo%g&J\ZC:o*A,H8NVXgv\\b<cD:.~{@cpb,I\rK,agDٌʽ3lтTpؑTN=\rS[c+~Ԛ\0iU D(~A 1f:=\"n]K~WoGX 5)ꙻg_@=w$KEcmПyȖ%ͲP\Z\ZI.gH\\5K碗#Wz~TI\\~,7f	:g^ieymeVw\'p^Ij?smp>0?S`[88?3j\n~_cPYudΫqkg|t\r2?4ԕ^*猞zj\0Vk*oP޽^gJuz\rY?C|*c̳NxrkGs}EAй+Z8h\':i6<;2	rZ LRg[J{.L}oG\"sB=gf̂-Swy@OaGʧ_iaɜŷcb@J%eMg34d<)\nzfgB-Ẻ<GprCOG;mh<T`S>{\\Har:@F. qCl~X,2a9%ӯIΣDrʅ(Nܒj-\n	\Z\"-ϯcs@+:j& ^?GP\"X>g\0)s>T\n(#\"/B?5|U@AF={ZCU/va\"7D{dh	@:j_qQ1$ܑ<㫬TlZ9,tIg6uzW6,uAR-Sޙ8\\*$hT@\\ms]q9XvڿNK9]Y5ڄ3!ۜYCA\rɨ`Oေ( ĒV߀;hvZ GG_ͤzh33ȺhC1?@ϙyi[|d7\0Cf@ĉNF:_\'l=1˺<Τ&ڽ_FGQ)T%(NAMl`E@3^EA q҇Fɔb!:cAzcYO6,Qk1!O/f>_ȧ\Z#^]sz7<M-և(z$tLnrJ:lO/BRpY:SD&qځU=j?[*3+	ZvF4b|5Br?Eej\r2&D#(wLgicʇ@@ExoR>YOBz?lN9xAłoR\0WV+<gKk(3ӮDTou>Ƿ-hdG\0c%pܨJfj/K|jhێ9QnV|8w8r6H}PhV1<j	Tz[-QD\'ԋȹ6듾(}ki1yݮ<$fXhyV}+?|D1hysf.nei@\0y+BJLo\'l\\ZϛcШ;Dy%<\"/d|wF\'fǲ<u>Ł43N!b-xEi\\4#=<iWJZɰJ[.iIL%dψE3EXݚflL|Ҥh^ƽa*mG̻]iFjăp㶽;:j91XYNwK)p9p#٪m1\'Gn\'#$䗓o,s	tcH\ZyF`FrKf٣.NS鳐8 X}?d$\Z\'0c)[@\\5+XGht¹jwr##\\dsB\r2p-~ݲ望bmy&wHý`D`^X=;vL_Wc\0fZ\Z\"6;g	!<JhtkZA0G]l?@#Y/f}~tN殚 z2W#\nE{\0ֳ\'ڳmv1G(_zԶtA2\"׽!jBaJ%\"w%D`޶4$	s s )s옆w֗CNZ#<G;ЎZjGkq ykaJ!%6@8P-@f]OU\09m\n[4TH\rW(>!,GLs@_9њ\Z̈́}:GzË\\XjFdly|Y+hv9UuAD5d10^IS{!AI2+[Eb:4@ۣ6wα*4#Ysu\n:&$\\-E![}\0W.A((fǐqڔ9C:	v Ƕ9c>kO}܎GϭW`[KPU:^V!,]F@>vqWk\\ut8\n[~ \r+tݻUdS3JG+@T`-l>XP~̣0BSl,8YR4mKi_͝h\'b~^*Hp_44ӘkqR9G̚j\'(fsߘ+$E=?X\\\\j*fb\rV*عw&6	th@V^s0lbld׹pȘ#^w9_Cgx3!Nц宪l\rlbED`HO< <)?Y#)kj#/usLь8 ^ia3K4a <30˽\"`=2IR>7o}U5Nf-e|AM*@Wۖn\0M6\\$iOn#)7R5]IO,VXy9CN*0c$ҙtCޜÅ#LRh\"gr$<څ\0V3y\nټHuOI|0h9z4gk:GWK+tl_+QrroBy1\rh5Mc,;|\'<OAlz(f.z3̣-|Ql^^8:r6D	Uη[ZHed#AFmېFu嫇S*\r;Wak|gç<Ϊ{ d:C·9J|e\ZӸ}ì(VOfy9smhfulvt,Y#>*>1/I\Z,iO}?hf.YW\ngwNl֏SXL7;	b&2Z+y[]S\r~]M\\:|$q{az$Le=i{%iзD};T8GSkLY[/&ѣ7WV5>^*hQ\"(+9(<a}`-e<ul/9ǁT!5~ǌй.î\ZvC(Mw`gh2fD&<بlg71|Ò\"\0=G&Hr|2jcMS<`F۱\nG}aK#o8:3XE_V@ĵ֕͠&{M7hx\n{&]ePejɧ8\\[y6tvڞa$\0@ަkD\r2<ұF8![\r3-n5^``I\";M.O~4\n,ExIO ػo9񉔱k_A+qJS\'>-wf?ϔGTNlR3^g:){P:pdim{*2|1Z0Ba◬D}0!JLAx 6S!wGGӝ,c}jcgDypX[7)k<k4|fw@A:89-\"b3ar$PXбLU.hAgVD)\n֌ƶ%؜O3X7ue͆wmABXww~,y7`*Y0qX\Z|Y\r$0PzNY\nĠi$\ZH\rb!<z֊[&ߡ;ooޙMu)?bQM;[Ý̊q骏;/	(\n(\nzS4ȸ8d@\0%7a6I3\"ivfPgn@Tz\Z.H,~3obAFd]\r\\^4Ч~TFĨѱ!/I	%3y#h*Tw|(%u7+I-Iމ\\J(Tf>揕	=8^w܎fM\n18Eaj.\"kX,Ei|lq8l&p:\rLuZ}#xK8(:PcDVB42Xi\'!X7!TIo!;v4<z5BB^EpuzZ/֌3;gϮM;n^˅^iBaPk$*%KB(7}h.%CܓmrI?椌#)CϰnYqg纒M3n+Ź!zDqʋ\r*oߐk7Aᾃ[VUH\"m\r	I[u>ϣ;J0~<ľPsõ߬B}yVTUюHO\'__^;߅a:EY<K>\\zXXF=K\Z<?	1\"c`#t\'\Zed!RH5j*-MD(\"R^;D1cR\Z{4mD<.By|r	P\rFb/h5&Q)?G\0hDhلxk\'Q8JYiu	?Ex\0U.PsU>x.zN1FQt2	e4#bQ&kʵdQK`1f۽*EOqt4]D>ϕo!\\:QDOn,pT0?ܺJ!E*@㜅\n-=o1Zk\Z⦡\"Mȯ1wH0ePmRҳƧx?,M*h3cEG9{+WQ}׈~P.\r)Jrd+-[?aRˑL}Yesgr%S-%MW_C6L͛\rjѭG-م\"V-wde;hbesSR>G5Sm2XlG ,&:wD3q2荣K3Ib/[xt%(.\\&K.$zAcTK:sF4jjf_C<܈ɠ)i=zr,{in\'\\Hq}$-N#qCx,>wS|b;T<#׹RD>\')f1Y=/ǅn62_\")zP?<351<+..jC3Gxd5_Y0~i\0XپC{Tt\rPj<=\0Z>sq;D2b,಺6	T~Qx\0OKrѡy[Eؼ4a[p˅٣%xҕ>ګpoiN+aEK0e9DBVʿs`qi4U c_{\n\nl]㢃^tEV+\rmlU$}\03dt6̲#/Ϧ@`c7^kmE;\"@k\\H\Z%\",\'','Et quad ut novum vobis homo, si quad ut novum vobis homo, si nomen transit. Pro linguens imaginator pars fecit.  Et quad fecit, non apparens vantis. Sed quad fecit, non apparens vantis. Sed quad ut novum eggredior.  Longam, ',0,'Carr','2010-08-03 10:02:23','Jarvis','2011-07-30 01:26:03',1),(25,'aiyikuhrw.xls','!VÓek;x俓`#X6ISJta\no4Oג`bþcۘ.x85J]uƁL=#NB.4^)\\vrby]S.ZKd\nɋeГPd<m$rJnP4/jԋωScj\'%ĶY6i@W0m9M΅3?Pٞ fKL?~ W|Sa/\"-E\rOʗid!iH]n3p#*Sp4d)Ni1Z=4\'\"EW]zzO:F8YYIƲ28O/Ui0fa=ӏ5o|J?vG{rNxJ˹iF&95D	;K)cUe\r|jfA?yJY* g9c\';6Ov}>HxR,%x(*g\\}ʵ?R4A7^jmޤml$\Z\0/}[s\\CwɨWZm%јCFVΏD|(KsXb>1AEu8\"</ͬ#7wnhē3$`k>nc(6^C\"ed/9ώL\ZmY4^vmI0OĽ@)׎bɸaXDXbE\06%\"W҆gRrk<Ab^#XLfH\0o^4,@Gːe;+hbL|\njA)H\rXZ|80{q1%%`Q&>%˫3Uj(4&	xr[5MEn3_2a,(7YEt\ro2NҲ.\r\'XD(C;B7ҍ5He(x[@]bJCg+߰\0r6W?ki2a]U\rb-Mߡj7r(M¬7$\";CN>>ZRbr)-e!a?	7SQ%9pUgZIr\'Xta7LhV :<tDvyk1=3Nq?:Џw*I\rkf%\"ϝݖ\0Ԓxh2	;1\n/٢l[\rm`\n+F-]*FS`zgn77ktK(sӷ&\rd/`M-qVX@#ӊ4hro*`}_KOX=Vwb\rfP\'\n;2BKc#%G\nW(`2ZRZ\\F&A	GtQJpQ{Ҩ_&G+E-W]ͨ3Td0tQcEZk#VKZwi8j@һ2>&kX{.Ta/BJ10	i\'#/b3t䋒=W/;OjTs9\nmy\'c,?u\0c=R*~5^J(\'s,UVZN;','Longam, e gravis delerium.  Versus esset in volcans essit.  Pro linguens non trepicandor si nomen novum eggredior.  ',0,'Mata','2010-01-02 08:07:34','Coleman','2011-05-26 18:32:57',1);

UNLOCK TABLES;

/*Table structure for table `tb_menu_function` */

DROP TABLE IF EXISTS `tb_menu_function`;

CREATE TABLE `tb_menu_function` (
  `MENU_FUNC_ID` bigint(19) NOT NULL AUTO_INCREMENT,
  `PERMI_ID` bigint(19) NOT NULL,
  `PRNT_MENU_FUNC_ID` bigint(19) DEFAULT NULL,
  `MENU_FUNC_NME` varchar(100) NOT NULL,
  `CREATED_BY` varchar(20) NOT NULL,
  `CREATED_DTE` datetime NOT NULL,
  `UPD_BY` varchar(20) NOT NULL,
  `UPD_DTE` datetime NOT NULL,
  `VERSION` int(10) NOT NULL,
  PRIMARY KEY (`MENU_FUNC_ID`),
  KEY `FKTB_MENU_FU354806` (`PERMI_ID`),
  CONSTRAINT `tb_menu_function_ibfk_2` FOREIGN KEY (`PERMI_ID`) REFERENCES `tb_permission` (`PERMI_ID`),
  CONSTRAINT `FKTB_MENU_FU354806` FOREIGN KEY (`PERMI_ID`) REFERENCES `tb_permission` (`PERMI_ID`),
  CONSTRAINT `tb_menu_function_ibfk_1` FOREIGN KEY (`PERMI_ID`) REFERENCES `tb_permission` (`PERMI_ID`)
) ENGINE=InnoDB AUTO_INCREMENT=26 DEFAULT CHARSET=latin1;

/*Data for the table `tb_menu_function` */

LOCK TABLES `tb_menu_function` WRITE;

insert  into `tb_menu_function`(`MENU_FUNC_ID`,`PERMI_ID`,`PRNT_MENU_FUNC_ID`,`MENU_FUNC_NME`,`CREATED_BY`,`CREATED_DTE`,`UPD_BY`,`UPD_DTE`,`VERSION`) values (1,19,1,'Assign Volunteer to Project','Nolan','2010-03-25 07:58:35','Lowery','2011-04-10 15:47:29',1),(2,21,1,'Browse for Projects','Cummings','2010-08-31 13:46:20','Mc Neil','2011-04-03 04:22:57',1),(3,20,1,'Review Project Interest','Blevins','2010-07-21 16:21:00','Weber','2011-12-13 13:04:06',1),(4,14,1,'Print Certificate','Kim','2010-04-28 05:30:14','Underwood','2011-09-30 14:46:43',1),(5,6,1,'Assign Roles to Project Member','Kaiser','2010-06-05 15:59:20','Estes','2011-05-01 08:20:52',1),(6,14,1,'Review and Reply Itinerary Plan','Stephenson','2010-07-17 10:43:13','Molina','2011-04-16 15:27:46',1),(7,23,1,'Review and Reply Project Proposal','Harrison','2010-07-29 20:10:39','Clark','2011-06-22 00:37:27',1),(8,12,1,'Raise Interest to Project','Shields','2010-02-15 12:44:43','Grimes','2011-02-16 18:10:31',1),(9,25,1,'Forget Password','Fuentes','2010-08-26 23:55:09','Ho','2011-11-25 01:29:51',1),(10,7,1,'Assign Volunteer to Project','Greer','2010-12-02 04:23:15','Hopkins','2011-08-28 15:12:24',1),(11,8,1,'Prepare Itinerary Plan','Mc Cormick','2010-03-19 01:46:02','Mercer','2011-09-07 09:55:23',1),(12,12,1,'Review Project Interest','Terrell','2010-09-22 03:23:15','Drake','2011-04-15 12:01:49',1),(13,16,1,'Assign Roles to Project Member','Morrison','2010-12-01 17:20:19','Chase','2011-04-18 04:29:01',1),(14,12,1,'Post Experience or Inspiration Stories','Howe','2010-04-18 08:54:18','Pugh','2011-05-03 02:48:18',1),(15,25,1,'Forget Password','Gutierrez','2010-10-17 14:12:18','Owen','2011-03-13 04:06:48',1),(16,1,1,'Change Password','Nguyen','2010-09-05 22:39:23','Chambers','2011-12-05 14:17:07',1),(17,22,1,'Manage Projects','Sanford','2010-04-22 19:57:08','Velez','2011-02-23 20:27:57',1),(18,25,1,'Setup Project Details','Wallace','2010-09-24 21:54:10','Fletcher','2011-12-21 06:31:52',1),(19,17,1,'Manage Staff Account','Terrell','2010-12-21 02:01:51','Cooke','2011-01-10 19:00:16',1),(20,8,1,'Update Profile by Staff','Joseph','2010-09-28 19:42:52','Wells','2011-07-08 16:57:29',1),(21,21,1,'Forget Password','Roth','2010-08-29 01:51:50','Cantu','2011-12-03 19:22:40',1),(22,22,1,'Post Experience or Inspiration Stories','Trujillo','2010-09-30 15:52:36','Murillo','2011-03-29 06:23:58',1),(23,25,1,'Review and Reply Project Proposal','Mckay','2010-01-08 09:30:25','Spencer','2011-05-11 10:21:45',1),(24,1,1,'Post Experience or Inspiration Stories','Huffman','2010-12-20 01:00:37','Vega','2011-09-01 08:46:53',1),(25,18,1,'Update Volunteer Profile','Mills','2010-04-06 22:07:52','Espinoza','2011-06-17 06:29:13',1);

UNLOCK TABLES;

/*Table structure for table `tb_permission` */

DROP TABLE IF EXISTS `tb_permission`;

CREATE TABLE `tb_permission` (
  `PERMI_ID` bigint(19) NOT NULL AUTO_INCREMENT,
  `URI` varchar(1000) NOT NULL,
  `DESC` varchar(200) DEFAULT NULL,
  `CREATED_BY` varchar(20) NOT NULL,
  `CREATED_DTE` datetime NOT NULL,
  `UPD_BY` varchar(20) NOT NULL,
  `UPD_DTE` datetime NOT NULL,
  `VERSION` int(10) NOT NULL,
  PRIMARY KEY (`PERMI_ID`)
) ENGINE=InnoDB AUTO_INCREMENT=26 DEFAULT CHARSET=latin1;

/*Data for the table `tb_permission` */

LOCK TABLES `tb_permission` WRITE;

insert  into `tb_permission`(`PERMI_ID`,`URI`,`DESC`,`CREATED_BY`,`CREATED_DTE`,`UPD_BY`,`UPD_DTE`,`VERSION`) values (1,'http://myvms.com/web/browseforprojects.jsp','Sed quad estis vobis regit, et pladior venit.  Tam quo, et plurissimum parte brevens, non quo plorum in dolorum cognitio, travissimantor quantare sed quartu manifestum ','Jimenez','2010-09-01 21:23:40','Grant','2011-09-18 05:12:35',1),(2,'http://myvms.com/web/registerstaffaccount.jsp','Multum gravum et nomen transit. Versus esset in volcans essit.  Pro linguens non apparens vantis. Sed quad fecit, non quo linguens ','Holloway','2010-10-31 10:49:54','Mc Donald','2011-06-03 01:26:30',1),(3,'http://myvms.com/web/assignrolestoprojectmember.jsp','Tam quo, et pladior venit.  Tam quo, et plurissimum parte brevens, non trepicandor si quad fecit, non apparens vantis. Sed quad estis vobis regit, et nomen novum eggredior.  Longam, e funem.  ','Daugherty','2010-08-14 05:41:38','Fleming','2011-01-07 02:24:43',1),(4,'http://myvms.com/web/registervolunteerprofile.jsp','Longam, e funem.  Quad rarendum habitatio quoque plorum in dolorum cognitio, travissimantor quantare sed quartu manifestum egreddior estum.  Multum gravum et pladior ','Norman','2010-09-03 09:36:24','Sheppard','2011-02-06 18:52:53',1),(5,'http://myvms.com/web/registerstaffaccount.jsp','Et quad estis vobis regit, et nomen novum vobis homo, si nomen novum eggredior.  Longam, e funem.  Quad rarendum habitatio ','Lynn','2010-04-19 07:32:17','Rangel','2011-03-14 23:53:49',1),(6,'http://myvms.com/web/managestaffaccount.jsp','Id eudis quo plorum fecundio, et nomen transit. Multum gravum et quis gravis delerium.  Versus esset in volcans essit.  Pro linguens imaginator pars fecit.  Et quad fecit, ','Khan','2010-07-16 12:29:53','Walton','2011-04-15 17:14:26',1),(7,'http://myvms.com/web/assignvolunteertoproject.jsp','Longam, e funem.  Quad rarendum habitatio quoque plorum in volcans essit.  Pro linguens imaginator pars fecit.  Et quad fecit, ','Salinas','2010-12-08 14:37:26','O\'Connor','2011-10-31 19:04:14',1),(8,'http://myvms.com/web/generatecertificate.jsp','Versus esset in volcans essit.  Pro linguens imaginator pars fecit.  Et quad fecit, non trepicandor si nomen novum eggredior.  Longam, e gravis et bono quorum ','Crane','2010-05-07 18:07:55','Benton','2011-05-08 23:33:43',1),(9,'http://myvms.com/web/generatecertificate.jsp','Longam, e gravis delerium.  Versus esset in volcans essit.  Pro linguens imaginator pars fecit.  Et quad ut novum vobis homo, si ','Sullivan','2010-03-20 15:09:48','Lyons','2011-06-18 16:44:29',1),(10,'http://myvms.com/web/updatevolunteerprofile.jsp','Sed quad ut novum vobis regit, et pladior venit.  Tam quo, et quis gravis delerium.  Versus esset in dolorum cognitio, ','Spears','2010-02-25 18:23:49','Briggs','2011-11-21 05:12:58',1),(11,'http://myvms.com/web/reviewandreplyprojectproposal.jsp','Et quad ut novum eggredior.  Longam, e funem.  Quad rarendum habitatio quoque plorum fecundio, et quis gravis delerium.  Versus esset in dolorum cognitio, travissimantor quantare sed quartu manifestum','Shaw','2010-11-19 21:27:03','Shields','2011-05-12 05:36:24',1),(12,'http://myvms.com/web/updatevolunteerprofile.jsp','Id eudis quo linguens imaginator pars fecit.  Et quad fecit, non quo linguens non apparens vantis. Sed quad estis vobis regit, et quis gravis delerium.  Versus ','Dalton','2010-05-25 08:10:22','Ryan','2011-12-15 16:48:56',1),(13,'http://myvms.com/web/raiseinteresttoproject.jsp','Sed quad fecit, non trepicandor si quad ut novum eggredior.  Longam, e funem.  Quad rarendum habitatio quoque plorum in dolorum cognitio, travissimantor ','Mc Bride','2010-03-08 05:57:18','Moyer','2011-07-22 17:06:00',1),(14,'http://myvms.com/web/registerstaffaccount.jsp','Multum gravum et nomen novum vobis homo, si quad estis vobis regit, et nomen novum vobis regit, et bono quorum glavans e gravis et nomen novum vobis ','Lutz','2010-07-07 20:47:16','Green','2011-07-22 14:41:17',1),(15,'http://myvms.com/web/submititineraryplan.jsp','Et quad ut novum eggredior.  Longam, e gravis et nomen transit. Multum gravum et plurissimum parte brevens, non trepicandor si quad estis vobis regit, et plurissimum parte brevens, non apparens ','Warren','2010-11-12 12:22:15','Hood','2011-04-08 02:16:46',1),(16,'http://myvms.com/web/setupprojectcalendar.jsp','Sed quad ut novum vobis homo, si nomen transit. Id eudis quo linguens imaginator pars fecit.  Et quad estis vobis homo, si quad ut novum eggredior.  Longam, e gravis et nomen transit. Tam ','Hendrix','2010-07-26 00:56:28','Peters','2011-10-24 16:34:12',1),(17,'http://myvms.com/web/browseforprojects.jsp','Et quad ut novum eggredior.  Longam, e gravis delerium.  Versus esset in volcans essit.  Pro linguens non trepicandor si nomen novum vobis homo, si quad ','Dickson','2010-05-02 18:41:47','Ellison','2011-03-05 19:12:36',1),(18,'http://myvms.com/web/raiseinteresttoproject.jsp','Sed quad ut novum vobis regit, et bono quorum glavans e funem.  Quad rarendum habitatio quoque plorum fecundio, et quis gravis et plurissimum parte brevens, non apparens vantis. Sed quad estis ','Sharp','2010-12-28 07:14:55','Trevino','2011-03-26 15:52:37',1),(19,'http://myvms.com/web/sendinvitationtovolunteer.jsp','Tam quo, et plurissimum parte brevens, non apparens vantis. Sed quad estis vobis homo, si quad ut novum vobis homo, ','Harrell','2010-08-31 08:07:28','English','2011-09-20 01:05:54',1),(20,'http://myvms.com/web/setupprojectcalendar.jsp','Tam quo, et quis gravis et nomen transit. Id eudis quo linguens non trepicandor si quad fecit, non apparens vantis. Sed quad ut novum vobis homo, si quad estis vobis ','Glover','2010-11-08 01:52:11','Austin','2011-08-17 23:06:48',1),(21,'http://myvms.com/web/assignvolunteertoproject.jsp','Tam quo, et quis gravis et plurissimum parte brevens, non apparens vantis. Sed quad estis vobis regit, et nomen transit. Quad rarendum habitatio quoque plorum in dolorum cognitio, travissimantor quant','Parsons','2010-08-02 08:17:50','Conway','2011-11-07 01:48:40',1),(22,'http://myvms.com/web/updateprofilebystaff.jsp','Et quad ut novum vobis homo, si nomen transit. Quad rarendum habitatio quoque plorum fecundio, et quis gravis delerium.  Versus esset in volcans essit.  Pro linguens imaginator pars fecit.  ','Leon','2010-09-23 04:16:42','Gay','2011-03-21 18:48:04',1),(23,'http://myvms.com/web/forgetpassword.jsp','Tam quo, et bono quorum glavans e gravis et plurissimum parte brevens, non apparens vantis. Sed quad fecit, non apparens vantis. Sed quad ','Melendez','2010-11-29 03:06:58','Cruz','2011-04-02 03:58:18',1),(24,'http://myvms.com/web/reviewfeedback.jsp','Sed quad ut novum vobis regit, et pladior venit.  Tam quo, et nomen transit. Multum gravum et quis gravis et quis gravis delerium.  Versus esset in dolorum cognitio, ','Johnson','2010-05-08 15:58:51','Mosley','2011-01-18 23:45:08',1),(25,'http://myvms.com/web/postfeedbacktoproject.jsp','Sed quad fecit, non apparens vantis. Sed quad estis vobis regit, et plurissimum parte brevens, non trepicandor si quad ut novum eggredior.  Longam, ','Malone','2010-07-10 12:08:10','Roy','2011-09-19 20:29:31',1);

UNLOCK TABLES;

/*Table structure for table `tb_permission_role` */

DROP TABLE IF EXISTS `tb_permission_role`;

CREATE TABLE `tb_permission_role` (
  `PERMI_ROLE_ID` bigint(19) NOT NULL AUTO_INCREMENT,
  `PERMI_ID` bigint(19) NOT NULL,
  `ROLE_ID` bigint(19) NOT NULL,
  `CREATED_BY` varchar(20) NOT NULL,
  `CREATED_DTE` datetime NOT NULL,
  `UPD_BY` varchar(20) NOT NULL,
  `UPD_DTE` datetime NOT NULL,
  `VERSION` int(10) NOT NULL,
  PRIMARY KEY (`PERMI_ROLE_ID`),
  KEY `FKTB_PERMISS30264` (`PERMI_ID`),
  KEY `FKTB_PERMISS997181` (`ROLE_ID`),
  CONSTRAINT `tb_permission_role_ibfk_3` FOREIGN KEY (`PERMI_ID`) REFERENCES `tb_permission` (`PERMI_ID`),
  CONSTRAINT `tb_permission_role_ibfk_4` FOREIGN KEY (`ROLE_ID`) REFERENCES `tb_role` (`ROLE_ID`),
  CONSTRAINT `FKTB_PERMISS30264` FOREIGN KEY (`PERMI_ID`) REFERENCES `tb_permission` (`PERMI_ID`),
  CONSTRAINT `FKTB_PERMISS997181` FOREIGN KEY (`ROLE_ID`) REFERENCES `tb_role` (`ROLE_ID`),
  CONSTRAINT `tb_permission_role_ibfk_1` FOREIGN KEY (`PERMI_ID`) REFERENCES `tb_permission` (`PERMI_ID`),
  CONSTRAINT `tb_permission_role_ibfk_2` FOREIGN KEY (`ROLE_ID`) REFERENCES `tb_role` (`ROLE_ID`)
) ENGINE=InnoDB AUTO_INCREMENT=26 DEFAULT CHARSET=latin1;

/*Data for the table `tb_permission_role` */

LOCK TABLES `tb_permission_role` WRITE;

insert  into `tb_permission_role`(`PERMI_ROLE_ID`,`PERMI_ID`,`ROLE_ID`,`CREATED_BY`,`CREATED_DTE`,`UPD_BY`,`UPD_DTE`,`VERSION`) values (1,19,3,'Alexander','2010-08-19 14:43:13','Dixon','2011-09-04 22:32:08',1),(2,21,4,'Smith','2010-04-18 03:11:45','Boone','2011-11-17 17:48:22',1),(3,20,4,'Wu','2010-05-20 05:23:48','Cruz','2011-10-12 02:06:53',1),(4,14,3,'Robinson','2010-03-29 06:20:48','Parsons','2011-08-31 15:37:18',1),(5,6,1,'Fox','2010-08-14 07:16:01','Ward','2011-07-09 23:37:33',1),(6,14,3,'Carson','2010-05-30 16:38:49','Pena','2011-02-27 21:23:22',1),(7,23,4,'Contreras','2010-09-30 11:17:36','Hart','2011-08-23 15:44:24',1),(8,12,2,'Franco','2010-01-27 14:14:01','Randall','2011-01-28 19:39:49',1),(9,25,4,'Pennington','2010-11-25 07:11:47','Lewis','2011-02-24 08:46:28',1),(10,7,2,'Dennis','2010-10-02 13:48:58','Murray','2011-06-29 00:38:07',1),(11,8,2,'Conley','2010-04-19 21:12:44','Scott','2011-10-09 05:22:05',1),(12,12,2,'Gomez','2010-11-05 17:16:45','Cline','2011-05-30 01:55:19',1),(13,16,3,'Wise','2010-02-18 00:08:39','Bender','2011-07-04 11:17:20',1),(14,12,2,'Barr','2010-04-04 17:37:15','Ho','2011-04-19 11:31:15',1),(15,25,4,'Jarvis','2010-08-21 05:29:28','Wolfe','2011-01-14 19:23:58',1),(16,1,1,'Hampton','2010-01-28 11:02:25','Mosley','2011-04-29 02:40:09',1),(17,22,4,'Baldwin','2010-10-12 17:41:50','Hudson','2011-08-15 18:12:39',1),(18,25,4,'Hanson','2010-11-14 08:54:31','Lindsey','2011-02-10 17:32:13',1),(19,17,3,'Marquez','2010-05-21 10:42:18','Potter','2011-06-10 03:40:44',1),(20,8,2,'Fritz','2010-05-09 06:38:49','Durham','2011-02-16 03:53:26',1),(21,21,4,'Patrick','2010-08-23 23:29:15','Pennington','2011-11-28 17:00:06',1),(22,22,4,'Yoder','2010-12-13 23:56:30','Cunningham','2011-06-11 14:27:52',1),(23,25,4,'Pineda','2010-12-21 09:09:11','Henry','2011-04-24 10:00:31',1),(24,1,1,'Browning','2010-01-30 10:50:14','Farmer','2011-10-11 18:36:30',1),(25,18,3,'Noble','2010-11-17 18:19:08','Mc Knight','2011-01-29 02:40:29',1);

UNLOCK TABLES;

/*Table structure for table `tb_project` */

DROP TABLE IF EXISTS `tb_project`;

CREATE TABLE `tb_project` (
  `PRJ_ID` bigint(19) NOT NULL AUTO_INCREMENT,
  `NME` varchar(100) NOT NULL,
  `DESC` varchar(255) NOT NULL,
  `PRJ_MGR` varchar(20) DEFAULT NULL,
  `STR_DTE` datetime NOT NULL,
  `END_DTE` datetime NOT NULL,
  `CTRY_CD` bigint(19) NOT NULL,
  `LOC` varchar(255) NOT NULL,
  `RMK` varchar(500) DEFAULT NULL,
  `PRJ_PROP_ID` bigint(19) NOT NULL,
  `STS_CD` bigint(19) NOT NULL,
  `CREATED_BY` varchar(20) NOT NULL,
  `CREATE_DTE` datetime NOT NULL,
  `UPD_BY` varchar(20) NOT NULL,
  `UPD_DTE` datetime NOT NULL,
  `VERSION` int(10) NOT NULL,
  PRIMARY KEY (`PRJ_ID`),
  KEY `FKTB_PROJECT334276` (`PRJ_PROP_ID`),
  CONSTRAINT `tb_project_ibfk_2` FOREIGN KEY (`PRJ_PROP_ID`) REFERENCES `tb_project_proposal` (`PRJ_PROP_ID`),
  CONSTRAINT `FKTB_PROJECT334276` FOREIGN KEY (`PRJ_PROP_ID`) REFERENCES `tb_project_proposal` (`PRJ_PROP_ID`),
  CONSTRAINT `tb_project_ibfk_1` FOREIGN KEY (`PRJ_PROP_ID`) REFERENCES `tb_project_proposal` (`PRJ_PROP_ID`)
) ENGINE=InnoDB AUTO_INCREMENT=26 DEFAULT CHARSET=latin1;

/*Data for the table `tb_project` */

LOCK TABLES `tb_project` WRITE;

insert  into `tb_project`(`PRJ_ID`,`NME`,`DESC`,`PRJ_MGR`,`STR_DTE`,`END_DTE`,`CTRY_CD`,`LOC`,`RMK`,`PRJ_PROP_ID`,`STS_CD`,`CREATED_BY`,`CREATE_DTE`,`UPD_BY`,`UPD_DTE`,`VERSION`) values (1,'Reveninentor','Et quad fecit, non quo plorum in dolorum cognitio, travissimantor quantare sed quartu manifestum egreddior estum.  Multum gravum et bono quorum glavans e gravis delerium.  Versus esset ','25','2010-08-06 08:02:46','2011-02-13 11:57:14',2,'264 Old Avenue','Pro linguens non trepicandor si quad ut novum eggredior.  Longam, e funem.  Quad rarendum habitatio quoque plorum fecundio, et pladior venit.  Tam quo, et pladior venit.  Tam quo, et pladior venit.  Tam quo, et pladior venit.  Tam quo, et pladior venit.  Tam quo, et bono quorum glavans e gravis et bono quorum glavans e funem.  Quad rarendum habitatio quoque plorum in volcans ',19,9,'Garrett','2010-10-10 15:18:24','Estrada','2011-10-26 23:07:18',1),(2,'Rapfropupax','Multum gravum et quis gravis delerium.  Versus esset in volcans essit.  Pro linguens non trepicandor si quad fecit, non quo ','9','2010-10-02 19:33:37','2011-01-18 14:51:55',2,'94 White Cowley Parkway','Tam quo, et quis gravis delerium.  Versus esset in dolorum cognitio, travissimantor quantare sed quartu manifestum egreddior estum.  Multum gravum et plurissimum parte brevens, non apparens vantis. Sed quad fecit, non quo plorum in volcans essit.  Pro linguens non apparens ',21,8,'Mc Millan','2010-02-07 06:00:02','Stevenson','2011-09-08 20:36:38',1),(3,'Kliwerpedan','Tam quo, et bono quorum glavans e funem.  Quad rarendum habitatio quoque plorum in dolorum cognitio, travissimantor quantare sed quartu manifestum egreddior estum.  Multum gravum et ','16','2010-02-23 05:05:58','2011-11-04 15:27:31',2,'54 West Green Fabien Blvd.','Et quad fecit, non quo linguens non trepicandor si quad estis vobis regit, et bono quorum glavans e gravis delerium.  Versus esset in volcans essit.  Pro linguens imaginator pars fecit.  Et quad estis vobis homo, ',20,8,'Adams','2010-09-26 15:58:20','Miranda','2011-02-19 12:41:25',1),(4,'Supzapicator','Pro linguens non apparens vantis. Sed quad fecit, non apparens vantis. Sed quad fecit, non quo linguens imaginator pars fecit.  ','9','2010-10-21 03:05:13','2011-01-07 19:43:28',1,'58 Rocky Old Parkway','Multum gravum et plurissimum parte brevens, non apparens vantis. Sed quad fecit, non apparens vantis. Sed quad fecit, non apparens vantis. Sed quad estis vobis regit, et plurissimum parte brevens, non apparens vantis. Sed quad fecit, non apparens vantis. Sed quad fecit, non quo linguens imaginator pars fecit.  Et quad estis vobis regit, et bono quorum glavans e gravis et pladior venit.  Tam quo, et nomen novum eggredior.  Longam, e funem.  ',14,7,'Estrada','2010-07-06 16:11:11','Solomon','2011-12-09 01:27:41',1),(5,'Suphupegin','Sed quad estis vobis homo, si quad ut novum eggredior.  Longam, e funem.  Quad rarendum habitatio quoque ','15','2010-12-09 06:59:44','2011-05-23 15:10:30',3,'89 White Second Avenue','Et quad estis vobis regit, et nomen transit. Sed quad estis vobis homo, si quad estis vobis homo, si nomen transit. Pro linguens imaginator pars fecit.  Et quad estis vobis homo, si quad fecit, non trepicandor si quad estis vobis regit, et quis gravis delerium.  Versus ',6,8,'Henderson','2010-07-21 00:25:51','Brown','2011-06-15 16:47:23',1),(6,'Winwerupower','Quad rarendum habitatio quoque plorum in dolorum cognitio, travissimantor quantare sed quartu manifestum egreddior estum.  Multum ','15','2010-04-13 20:47:45','2011-02-26 23:10:02',1,'22 Cowley Avenue','Tam quo, et plurissimum parte brevens, non apparens vantis. Sed quad estis vobis regit, et pladior venit.  Tam quo, et nomen transit. Longam, e gravis et bono quorum glavans e gravis et bono quorum glavans e funem.  Quad rarendum habitatio quoque plorum in dolorum cognitio, ',14,8,'Harmon','2010-04-10 15:45:57','Jimenez','2011-01-08 20:30:30',1),(7,'Retinonicator','Longam, e gravis delerium.  Versus esset in dolorum cognitio, travissimantor quantare sed quartu manifestum egreddior estum.  Multum gravum et plurissimum parte brevens, non quo linguens imaginator ','20','2010-07-23 07:57:47','2011-01-03 10:11:11',2,'49 North Nobel Street','Id eudis quo plorum in volcans essit.  Pro linguens non apparens vantis. Sed quad ut novum vobis regit, et bono quorum glavans e gravis delerium.  ',23,7,'Kline','2010-02-22 01:44:58','Sweeney','2011-01-15 06:11:46',1),(8,'Endcadupantor','Pro linguens non trepicandor si nomen transit. Multum gravum et nomen transit. Versus esset in volcans essit.  Pro linguens non apparens vantis. Sed quad estis vobis ','9','2010-10-18 10:20:07','2011-04-20 01:03:01',3,'19 Hague Way','Pro linguens non apparens vantis. Sed quad estis vobis homo, si nomen transit. Sed quad fecit, non quo linguens non apparens vantis. Sed quad fecit, non quo plorum in volcans essit.  Pro linguens non trepicandor si nomen novum eggredior.  Longam, e funem.  Quad rarendum habitatio quoque plorum fecundio, et nomen transit. Et quad fecit, non quo plorum in volcans essit.  Pro linguens non quo plorum in volcans essit.  Pro linguens ',12,9,'Lowe','2010-10-23 08:03:17','Gregory','2011-10-24 13:29:05',1),(9,'Truzapazz','Sed quad ut novum eggredior.  Longam, e gravis et quis gravis et nomen novum vobis regit, et plurissimum parte brevens, non quo plorum in dolorum cognitio, travissimantor quantare sed quartu manifestum egreddior estum.  Multum ','24','2010-08-02 23:13:46','2011-09-17 00:01:07',3,'49 Green New Street','Quad rarendum habitatio quoque plorum in dolorum cognitio, travissimantor quantare sed quartu manifestum egreddior ',25,7,'Frank','2010-07-30 05:32:32','Prince','2011-10-28 07:07:13',1),(10,'Raptinplin','Versus esset in volcans essit.  Pro linguens non trepicandor si quad estis vobis homo, si nomen novum vobis regit, et quis gravis et plurissimum parte brevens, non trepicandor si nomen novum eggredior.  ','7','2010-05-10 09:14:07','2011-09-21 14:38:41',1,'52 Green Fabien St.','Id eudis quo plorum fecundio, et nomen transit. Pro linguens non apparens vantis. Sed quad estis vobis regit, et nomen novum vobis ',7,8,'Zavala','2010-04-22 04:30:43','Blackwell','2011-01-16 15:19:52',1),(11,'Hapmunackentor','Tam quo, et nomen novum eggredior.  Longam, e gravis delerium.  Versus esset in dolorum cognitio, travissimantor quantare sed quartu manifestum egreddior estum.  Multum gravum et plurissimum ','1','2010-09-16 20:58:26','2011-06-13 01:03:06',1,'28 First Street','Sed quad estis vobis regit, et plurissimum parte brevens, non trepicandor si nomen novum eggredior.  Longam, e funem.  Quad rarendum habitatio quoque plorum fecundio, et pladior venit.  Tam quo, et nomen transit. Et quad ut novum eggredior.  Longam, e gravis delerium.  Versus esset in dolorum cognitio, travissimantor ',8,7,'Haley','2010-08-09 05:35:49','Haynes','2011-01-29 13:45:10',1),(12,'Emroban','Pro linguens non apparens vantis. Sed quad estis vobis homo, si quad estis vobis regit, et plurissimum parte brevens, non apparens vantis. Sed quad estis vobis regit, et quis gravis delerium.  Versus esset in volcans ','5','2010-04-20 02:23:09','2011-01-30 06:42:26',3,'99 Oak Boulevard','Tam quo, et plurissimum parte brevens, non quo plorum in dolorum cognitio, travissimantor quantare sed quartu manifestum egreddior estum.  Multum gravum et nomen transit. Pro linguens imaginator pars ',12,9,'Nielsen','2010-07-18 12:57:25','Barker','2011-02-08 21:35:59',1),(13,'Dopfropistor','Multum gravum et quis gravis delerium.  Versus esset in volcans essit.  Pro linguens non quo linguens non quo linguens imaginator pars fecit.  Et quad ut novum eggredior.  Longam, e funem.  Quad rarendum ','15','2010-01-30 18:19:59','2011-10-07 23:54:20',2,'173 West White Old Avenue','Pro linguens non trepicandor si quad estis vobis regit, et quis gravis et quis gravis delerium.  Versus esset in dolorum cognitio, travissimantor quantare sed quartu manifestum egreddior estum.  Multum gravum et plurissimum parte brevens, non apparens vantis. Sed quad fecit, non apparens vantis. Sed quad fecit, non apparens vantis. Sed quad ut novum vobis regit, et quis gravis et bono quorum glavans e funem.  Quad rarendum habitatio quoque plorum fecundio, et quis gravis ',16,7,'Ponce','2010-07-31 14:54:45','Bowman','2011-12-15 02:03:27',1),(14,'Admunedex','Sed quad estis vobis regit, et pladior venit.  Tam quo, et nomen transit. Id eudis quo plorum in dolorum cognitio, travissimantor quantare sed quartu manifestum egreddior estum.  Multum gravum et nomen ','15','2010-12-30 14:27:14','2011-07-08 23:24:14',1,'29 White Old Freeway','Tam quo, et nomen transit. Sed quad ut novum vobis homo, si nomen novum eggredior.  Longam, e gravis delerium.  Versus esset in dolorum cognitio, travissimantor quantare sed quartu manifestum egreddior estum.  Multum gravum et pladior venit.  Tam quo, et pladior venit.  Tam quo, et nomen transit. Et quad fecit, non quo linguens imaginator pars fecit.  Et quad ut novum eggredior.  Longam, e funem.  Quad rarendum habitatio quoque plorum fecundio, ',12,7,'Savage','2010-02-28 14:03:15','O\'Neal','2011-03-15 07:57:15',1),(15,'Qwizapadistor','Tam quo, et quis gravis et nomen transit. Tam quo, et nomen transit. Et quad fecit, non apparens vantis. Sed quad ','2','2010-05-29 22:36:41','2011-02-09 17:33:56',3,'70 Old Way','Longam, e gravis et quis gravis delerium.  Versus esset in dolorum cognitio, travissimantor quantare sed quartu manifestum egreddior estum.  Multum ',25,8,'Leonard','2010-01-04 06:14:42','Lester','2011-05-29 20:09:13',1),(16,'Tipfropantor','Quad rarendum habitatio quoque plorum fecundio, et plurissimum parte brevens, non trepicandor si nomen transit. Quad rarendum habitatio quoque plorum in volcans essit.  Pro linguens imaginator ','4','2010-08-01 21:08:22','2011-03-18 04:57:14',3,'327 Milton Boulevard','Id eudis quo linguens non apparens vantis. Sed quad estis vobis regit, et nomen novum eggredior.  Longam, e gravis et quis gravis et quis gravis delerium.  Versus esset in dolorum cognitio, travissimantor quantare sed quartu manifestum egreddior estum.  Multum gravum et nomen ',1,7,'Benitez','2010-07-31 11:39:21','Berry','2011-10-30 03:17:06',1),(17,'Empebazz','Tam quo, et bono quorum glavans e funem.  Quad rarendum habitatio quoque plorum fecundio, et pladior venit.  Tam quo, et plurissimum parte brevens, non trepicandor si quad ut novum vobis regit, et plurissimum parte ','23','2010-03-25 16:41:53','2011-08-25 16:57:17',1,'112 New Parkway','Id eudis quo linguens imaginator pars fecit.  Et quad fecit, non quo linguens imaginator pars fecit.  Et quad fecit, non apparens vantis. Sed quad ut novum eggredior.  Longam, e funem.  Quad rarendum habitatio quoque plorum in dolorum ',22,9,'Patel','2010-08-04 18:45:10','Thomas','2011-06-07 19:15:59',1),(18,'Qwiweropistor','Sed quad ut novum vobis homo, si quad fecit, non quo linguens imaginator pars fecit.  Et quad estis vobis regit, et nomen novum eggredior.  Longam, e gravis delerium.  ','4','2010-10-01 10:34:08','2011-05-16 02:52:58',3,'998 New Freeway','Versus esset in volcans essit.  Pro linguens non quo plorum in dolorum cognitio, travissimantor quantare sed quartu manifestum egreddior estum.  Multum gravum et quis gravis delerium.  Versus esset in volcans essit.  Pro linguens non trepicandor si nomen novum eggredior.  Longam, e gravis et plurissimum parte brevens, non apparens vantis. Sed quad ut novum vobis homo, si quad fecit, non trepicandor si quad fecit, non apparens vantis. Sed quad ut novum vobis regit, et bono ',25,8,'Powell','2010-09-16 21:04:54','Schwartz','2011-12-13 05:42:36',1),(19,'Suppebazz','Tam quo, et pladior venit.  Tam quo, et nomen transit. Sed quad estis vobis homo, si quad fecit, non trepicandor si quad fecit, ','9','2010-02-08 13:17:08','2011-02-18 09:46:21',1,'331 Milton Avenue','Longam, e funem.  Quad rarendum habitatio quoque plorum fecundio, et quis gravis delerium.  Versus esset in volcans essit.  Pro linguens non quo linguens non trepicandor si nomen novum vobis homo, si nomen transit. Pro linguens non apparens vantis. Sed quad ut novum vobis homo, si quad fecit, non apparens vantis. Sed quad ut novum eggredior.  Longam, ',17,7,'Alvarado','2010-04-28 09:10:51','Mc Carthy','2011-05-18 02:09:17',1),(20,'Grotanazz','Versus esset in volcans essit.  Pro linguens non trepicandor si quad ut novum vobis homo, si nomen transit. Multum gravum et plurissimum parte brevens, non apparens vantis. Sed quad ut novum vobis homo, si nomen novum eggredior.  Longam, ','21','2010-11-06 11:25:26','2011-03-28 10:02:45',2,'19 Green First Avenue','Sed quad estis vobis homo, si nomen novum eggredior.  Longam, e gravis delerium.  Versus esset in volcans essit.  Pro linguens imaginator pars fecit.  Et quad estis vobis homo, si quad ut novum vobis regit, et nomen transit. Pro linguens non quo linguens imaginator pars fecit.  Et quad ut novum vobis regit, et nomen transit. Quad rarendum habitatio quoque plorum fecundio, et quis gravis et plurissimum parte brevens, non trepicandor si quad fecit, non ',8,7,'Flowers','2010-12-12 00:23:56','Dominguez','2011-09-20 21:38:33',1),(21,'Zeezapazz','Longam, e funem.  Quad rarendum habitatio quoque plorum fecundio, et nomen transit. Quad rarendum habitatio quoque plorum fecundio, et quis gravis et bono quorum glavans e gravis delerium.  Versus esset in volcans essit.  Pro linguens non trepicandor ','5','2010-09-14 14:40:41','2011-11-01 23:26:06',3,'439 Rocky Milton Road','Versus esset in volcans essit.  Pro linguens imaginator pars fecit.  Et quad estis vobis homo, si nomen novum vobis homo, si nomen transit. Versus esset in dolorum cognitio, travissimantor quantare sed quartu manifestum egreddior estum.  Multum gravum et quis gravis delerium.  Versus esset in volcans essit.  Pro linguens non apparens vantis. Sed quad fecit, non quo linguens non trepicandor si quad estis vobis regit, et plurissimum parte brevens, non ',21,8,'Melton','2010-10-07 12:44:03','Booker','2011-01-13 06:14:54',1),(22,'Klitanonin','Longam, e gravis et bono quorum glavans e funem.  Quad rarendum habitatio quoque plorum fecundio, et quis gravis delerium.  Versus esset in dolorum cognitio, travissimantor quantare sed quartu manifestum egreddior estum.  Multum ','10','2010-03-06 19:36:17','2011-06-04 02:51:58',3,'20 First Blvd.','Id eudis quo plorum fecundio, et quis gravis delerium.  Versus esset in volcans essit.  Pro linguens imaginator pars fecit.  Et quad estis vobis regit, et pladior venit.  Tam quo, et plurissimum parte brevens, non trepicandor si quad fecit, non apparens vantis. Sed quad estis vobis homo, si quad estis vobis homo, si nomen transit. Multum gravum et quis gravis delerium.  Versus esset in volcans essit.  Pro linguens imaginator pars fecit.  Et quad ut novum eggredior.  Longam, e funem.  Quad ',22,8,'Faulkner','2010-02-21 05:41:45','O\'Connor','2011-08-18 20:13:07',1),(23,'Rerobexentor','Tam quo, et pladior venit.  Tam quo, et plurissimum parte brevens, non quo plorum fecundio, et pladior venit.  Tam quo, et quis gravis et plurissimum parte brevens, non apparens vantis. ','18','2010-01-13 15:11:24','2011-03-16 03:37:04',2,'456 Hague Drive','Id eudis quo plorum in dolorum cognitio, travissimantor quantare sed quartu manifestum egreddior estum.  Multum gravum et nomen transit. Pro linguens non apparens vantis. Sed quad fecit, non trepicandor si quad ut novum eggredior.  Longam, e funem.  Quad rarendum habitatio quoque plorum fecundio, et pladior venit.  Tam quo, et pladior venit.  Tam quo, et quis gravis et nomen novum vobis regit, et quis gravis et bono quorum glavans e gravis delerium.  Versus esset in volcans essit.  ',25,7,'Matthews','2010-05-21 18:36:44','Decker','2011-09-21 19:28:04',1),(24,'Adrobax','Versus esset in dolorum cognitio, travissimantor quantare sed quartu manifestum egreddior estum.  Multum gravum et bono quorum glavans e gravis et nomen transit. Multum gravum et pladior venit.  Tam quo, et pladior ','8','2010-10-23 05:41:36','2011-02-28 09:34:44',2,'310 Milton Drive','Pro linguens imaginator pars fecit.  Et quad fecit, non trepicandor si nomen transit. Quad rarendum habitatio quoque plorum in volcans essit.  Pro linguens non quo plorum fecundio, et nomen transit. Id eudis quo plorum in dolorum cognitio, ',1,9,'Fuller','2010-08-09 12:46:42','Hatfield','2011-04-21 20:32:58',1),(25,'Parpebaquover','Quad rarendum habitatio quoque plorum in dolorum cognitio, travissimantor quantare sed quartu manifestum egreddior estum.  Multum gravum et pladior venit.  Tam quo, et nomen novum vobis regit, et nomen novum vobis regit, et bono quorum ','12','2010-03-29 00:30:06','2011-05-03 16:40:46',2,'54 North Second Drive','Sed quad ut novum eggredior.  Longam, e gravis et plurissimum parte brevens, non quo linguens non apparens vantis. Sed quad ut novum vobis homo, si nomen transit. Multum gravum et bono quorum glavans e funem.  Quad rarendum habitatio quoque ',18,9,'Levine','2010-01-09 09:55:30','Ellis','2011-03-21 18:16:51',1);

UNLOCK TABLES;

/*Table structure for table `tb_project_experience` */

DROP TABLE IF EXISTS `tb_project_experience`;

CREATE TABLE `tb_project_experience` (
  `PRJ_EXP_ID` bigint(19) NOT NULL AUTO_INCREMENT,
  `PRJ_ID` bigint(19) NOT NULL,
  `CONT` text NOT NULL,
  `CREATED_BY` varchar(20) NOT NULL,
  `CREATED_DTE` varchar(20) NOT NULL,
  PRIMARY KEY (`PRJ_EXP_ID`),
  KEY `FKTB_PROJECT154073` (`PRJ_ID`),
  CONSTRAINT `tb_project_experience_ibfk_2` FOREIGN KEY (`PRJ_ID`) REFERENCES `tb_project` (`PRJ_ID`),
  CONSTRAINT `FKTB_PROJECT154073` FOREIGN KEY (`PRJ_ID`) REFERENCES `tb_project` (`PRJ_ID`),
  CONSTRAINT `tb_project_experience_ibfk_1` FOREIGN KEY (`PRJ_ID`) REFERENCES `tb_project` (`PRJ_ID`)
) ENGINE=InnoDB AUTO_INCREMENT=26 DEFAULT CHARSET=latin1;

/*Data for the table `tb_project_experience` */

LOCK TABLES `tb_project_experience` WRITE;

insert  into `tb_project_experience`(`PRJ_EXP_ID`,`PRJ_ID`,`CONT`,`CREATED_BY`,`CREATED_DTE`) values (1,19,'Versus esset in volcans essit.  Pro linguens non trepicandor si quad estis vobis homo, si nomen novum eggredior.  Longam, e gravis et plurissimum parte brevens, non quo linguens imaginator pars fecit.  Et ','Kane','2010-02-14 17:16:55.'),(2,21,'Longam, e funem.  Quad rarendum habitatio quoque plorum fecundio, et plurissimum parte brevens, non apparens vantis. Sed quad ut novum vobis regit, et nomen transit. Et quad estis vobis homo, si quad ut novum eggredior.  Longam, ','Shea','2010-09-28 16:17:46.'),(3,20,'Multum gravum et nomen novum vobis regit, et plurissimum parte brevens, non apparens vantis. Sed quad ut novum vobis regit, et pladior venit.  Tam quo, et nomen transit. Id eudis quo linguens imaginator pars fecit.  Et quad estis vobis homo, si nomen novum eggredior.  Longam, e funem.  Quad rarendum habitatio quoque plorum fecundio, et nomen novum vobis regit, et nomen novum eggredior.  Longam, e funem.  Quad rarendum habitatio quoque plorum fecundio, et quis gravis et nomen novum vobis homo, si quad fecit, non apparens vantis. Sed quad fecit, non trepicandor si nomen novum vobis regit, et quis gravis delerium.  Versus esset in dolorum cognitio, travissimantor ','Garrison','2010-01-28 01:14:11.'),(4,14,'Et quad estis vobis homo, si nomen novum eggredior.  Longam, e funem.  Quad rarendum habitatio quoque ','Acosta','2010-02-27 08:42:34.'),(5,6,'Sed quad fecit, non quo plorum fecundio, et quis gravis et quis gravis et quis gravis et plurissimum parte brevens, non apparens vantis. Sed quad fecit, non trepicandor si quad fecit, non trepicandor si nomen transit. Pro linguens imaginator pars fecit.  Et quad fecit, non quo plorum fecundio, et quis gravis et plurissimum parte brevens, non quo linguens imaginator pars fecit.  Et quad ut novum eggredior.  Longam, e funem.  Quad rarendum habitatio quoque plorum fecundio, et bono quorum glavans e funem.  Quad rarendum habitatio quoque plorum in volcans essit.  Pro linguens non quo linguens non apparens vantis. Sed quad ut novum eggredior.  Longam, e gravis et quis gravis et pladior venit.  Tam quo, et bono quorum glavans e funem.  Quad rarendum habitatio quoque plorum fecundio, et quis gravis delerium.  Versus esset in dolorum cognitio, travissimantor quantare sed quartu manifestum egreddior estum.  Multum gravum et pladior venit.  Tam quo, et quis gravis ','Warner','2010-02-13 03:28:09.'),(6,14,'Id eudis quo linguens non trepicandor si quad ut novum vobis regit, et quis gravis et bono quorum glavans e funem.  Quad rarendum habitatio quoque plorum in volcans essit.  Pro linguens non trepicandor si quad estis vobis regit, et nomen novum vobis homo, si nomen transit. Multum gravum et nomen novum vobis homo, si quad estis vobis homo, si quad estis vobis regit, et plurissimum parte brevens, non trepicandor si quad estis vobis homo, si quad fecit, non apparens vantis. Sed quad ut novum eggredior.  Longam, e funem.  Quad rarendum habitatio quoque plorum in dolorum cognitio, travissimantor ','Rubio','2010-08-11 02:43:55.'),(7,23,'Pro linguens non quo plorum in volcans essit.  Pro linguens non trepicandor si quad estis vobis homo, si nomen novum eggredior.  Longam, e funem.  Quad rarendum habitatio quoque plorum fecundio, et plurissimum parte brevens, non trepicandor si quad ut novum vobis homo, si nomen transit. Sed quad estis vobis homo, si nomen novum vobis homo, si nomen novum eggredior.  Longam, e funem.  Quad rarendum habitatio quoque plorum fecundio, ','Arroyo','2010-02-02 12:40:03.'),(8,12,'Longam, e gravis delerium.  Versus esset in volcans essit.  Pro linguens imaginator pars fecit.  Et quad estis vobis regit, et plurissimum parte brevens, non apparens vantis. Sed quad ut novum vobis regit, et plurissimum parte brevens, non quo plorum in dolorum cognitio, travissimantor quantare sed quartu manifestum egreddior estum.  Multum gravum et plurissimum parte brevens, non apparens vantis. Sed quad fecit, non trepicandor si nomen transit. Versus esset in dolorum cognitio, travissimantor ','Murillo','2010-03-22 07:39:23.'),(9,25,'Longam, e funem.  Quad rarendum habitatio quoque plorum in volcans essit.  Pro linguens non apparens vantis. Sed quad ut novum ','Kline','2010-07-03 15:39:35.'),(10,7,'Et quad ut novum vobis homo, si quad fecit, non apparens vantis. Sed quad estis vobis homo, si quad estis vobis homo, si nomen novum vobis homo, si nomen novum vobis regit, et quis gravis delerium.  Versus esset in volcans essit.  Pro linguens imaginator pars fecit.  Et quad estis vobis regit, et quis gravis et quis gravis et nomen novum vobis regit, et nomen novum vobis homo, ','Bradley','2010-03-03 21:41:02.'),(11,8,'Multum gravum et nomen transit. Tam quo, et plurissimum parte brevens, non quo linguens imaginator pars fecit.  Et quad fecit, non apparens vantis. Sed quad ut novum eggredior.  Longam, e gravis delerium.  Versus esset in dolorum cognitio, travissimantor ','Cantrell','2010-01-25 17:52:24.'),(12,12,'Quad rarendum habitatio quoque plorum in volcans essit.  Pro linguens non trepicandor si nomen transit. Sed quad ut novum eggredior.  Longam, e funem.  Quad rarendum habitatio quoque plorum in volcans essit.  Pro linguens imaginator pars fecit.  Et quad fecit, non quo linguens imaginator pars fecit.  Et quad ut novum eggredior.  Longam, e gravis delerium.  Versus esset in dolorum cognitio, travissimantor ','Jarvis','2010-03-04 00:46:14.'),(13,16,'Quad rarendum habitatio quoque plorum in volcans essit.  Pro linguens non quo linguens imaginator pars fecit.  Et quad estis vobis regit, et nomen novum vobis homo, si quad ut novum eggredior.  Longam, e funem.  Quad rarendum habitatio quoque plorum fecundio, et quis gravis delerium.  Versus esset in volcans essit.  Pro linguens non trepicandor si quad estis vobis regit, et nomen transit. Longam, e gravis delerium.  Versus esset in dolorum cognitio, travissimantor quantare sed quartu manifestum egreddior estum.  Multum gravum et pladior venit.  Tam quo, et plurissimum parte brevens, non ','Cantu','2010-06-06 14:47:21.'),(14,12,'Pro linguens imaginator pars fecit.  Et quad fecit, non apparens vantis. Sed quad ut novum vobis regit, et pladior venit.  Tam quo, et nomen novum eggredior.  Longam, e funem.  Quad rarendum habitatio quoque plorum in volcans essit.  Pro linguens imaginator pars ','Hardy','2010-08-20 21:17:00.'),(15,25,'Quad rarendum habitatio quoque plorum in dolorum cognitio, travissimantor quantare sed quartu manifestum egreddior estum.  Multum gravum et bono quorum glavans e funem.  Quad rarendum habitatio quoque plorum in volcans essit.  Pro linguens non trepicandor si nomen novum vobis homo, si quad ut novum vobis homo, si quad ut novum vobis regit, et pladior venit.  Tam quo, et nomen novum eggredior.  Longam, e gravis delerium.  Versus esset in volcans essit.  Pro linguens non quo linguens non trepicandor si quad ut novum vobis homo, si quad ut novum vobis homo, si quad ut novum eggredior.  Longam, e gravis et bono quorum glavans e funem.  Quad rarendum habitatio quoque plorum in volcans essit.  Pro linguens imaginator pars fecit.  Et quad ut novum eggredior.  Longam, e gravis delerium.  Versus esset in volcans essit.  Pro linguens imaginator pars fecit.  Et quad ut novum eggredior.  Longam, e gravis et pladior venit.  Tam quo, et nomen transit. Tam quo, et plurissimum ','Hays','2010-06-08 05:10:27.'),(16,1,'Et quad fecit, non apparens vantis. Sed quad fecit, non quo plorum fecundio, et bono quorum glavans e gravis et quis gravis delerium.  Versus esset in volcans essit.  Pro linguens imaginator pars fecit.  Et quad estis vobis homo, si quad fecit, non trepicandor si quad estis vobis homo, si nomen novum vobis regit, et quis gravis et plurissimum parte brevens, non quo plorum in dolorum cognitio, travissimantor ','Diaz','2010-03-17 08:25:45.'),(17,22,'Tam quo, et plurissimum parte brevens, non trepicandor si nomen novum vobis homo, si nomen transit. Id eudis quo linguens imaginator pars fecit.  Et quad ut novum vobis regit, et bono quorum glavans e funem.  Quad rarendum habitatio quoque plorum in dolorum cognitio, travissimantor quantare sed quartu manifestum egreddior estum.  Multum gravum et nomen novum eggredior.  Longam, e gravis et bono quorum glavans e funem.  Quad rarendum habitatio quoque plorum fecundio, et bono quorum glavans e funem.  Quad rarendum habitatio quoque plorum fecundio, et bono quorum glavans e funem.  Quad rarendum habitatio quoque plorum fecundio, et nomen novum ','Stephens','2010-01-19 03:42:33.'),(18,25,'Longam, e funem.  Quad rarendum habitatio quoque plorum in volcans essit.  Pro linguens imaginator pars fecit.  Et quad fecit, non trepicandor si quad fecit, non trepicandor si nomen transit. Multum gravum et quis gravis delerium.  Versus esset in volcans essit.  Pro linguens non apparens vantis. Sed quad fecit, non trepicandor si nomen transit. Et quad estis vobis regit, et nomen novum vobis regit, et plurissimum ','Small','2010-03-08 08:08:58.'),(19,17,'Multum gravum et pladior venit.  Tam quo, et bono quorum glavans e gravis delerium.  Versus esset in dolorum cognitio, travissimantor quantare sed quartu manifestum egreddior estum.  Multum gravum et pladior venit.  Tam quo, et quis gravis ','Stein','2010-06-19 22:50:01.'),(20,8,'Tam quo, et bono quorum glavans e funem.  Quad rarendum habitatio quoque plorum in volcans essit.  Pro linguens imaginator pars fecit.  Et quad estis vobis regit, et pladior venit.  Tam quo, et bono quorum glavans e gravis et quis gravis et plurissimum parte brevens, non quo linguens non quo linguens non quo linguens non apparens vantis. Sed quad fecit, non quo linguens non apparens vantis. Sed quad fecit, non apparens vantis. Sed quad fecit, non quo linguens imaginator pars fecit.  Et quad ut novum vobis regit, et bono quorum glavans e gravis delerium.  Versus esset in dolorum cognitio, travissimantor quantare sed quartu manifestum egreddior estum.  Multum gravum ','Miranda','2010-04-28 01:31:37.'),(21,21,'Sed quad fecit, non trepicandor si nomen transit. Et quad estis vobis regit, et plurissimum parte brevens, non trepicandor si nomen novum eggredior.  Longam, e gravis et pladior venit.  Tam quo, et pladior venit.  Tam quo, et quis gravis et pladior venit.  Tam quo, et bono quorum glavans e gravis delerium.  Versus esset in volcans essit.  Pro linguens non trepicandor si nomen transit. Pro linguens imaginator pars fecit.  Et quad fecit, non trepicandor si nomen novum vobis homo, si quad estis vobis regit, et quis gravis delerium.  Versus esset in dolorum cognitio, travissimantor quantare sed quartu manifestum egreddior estum.  Multum gravum et pladior venit.  Tam quo, ','Pena','2010-06-23 20:09:13.'),(22,22,'Longam, e gravis et pladior venit.  Tam quo, et plurissimum parte brevens, non apparens vantis. Sed quad fecit, non apparens vantis. Sed quad fecit, non apparens vantis. Sed quad ut novum vobis homo, si nomen transit. Pro linguens imaginator pars fecit.  Et quad fecit, non trepicandor si nomen novum vobis homo, si quad estis vobis homo, si quad estis vobis homo, si quad estis vobis regit, et quis gravis et plurissimum parte brevens, non apparens vantis. Sed quad fecit, non apparens vantis. Sed quad fecit, non quo plorum fecundio, et plurissimum parte brevens, non ','Delacruz','2010-02-06 11:13:33.'),(23,25,'Et quad estis vobis regit, et pladior venit.  Tam quo, et plurissimum parte brevens, non apparens vantis. Sed quad estis vobis regit, et bono quorum glavans e gravis delerium.  Versus esset in volcans essit.  Pro linguens non trepicandor si nomen transit. Et quad ut novum eggredior.  Longam, e gravis et plurissimum parte brevens, non quo plorum in dolorum cognitio, travissimantor quantare sed quartu manifestum egreddior estum.  Multum gravum et pladior venit.  Tam quo, et plurissimum parte brevens, non trepicandor si quad fecit, non quo plorum in dolorum cognitio, travissimantor ','Farrell','2010-10-29 21:40:14.'),(24,1,'Sed quad ut novum vobis homo, si quad ut novum vobis homo, si nomen novum vobis regit, et plurissimum parte brevens, non apparens vantis. Sed quad estis vobis homo, si nomen novum eggredior.  Longam, e gravis delerium.  Versus esset in volcans essit.  Pro linguens imaginator pars fecit.  Et quad fecit, non trepicandor si nomen transit. Tam quo, et bono quorum glavans e gravis delerium.  Versus esset in volcans essit.  Pro linguens imaginator pars fecit.  Et quad ut novum eggredior.  Longam, e gravis delerium.  Versus esset in volcans essit.  Pro linguens non apparens vantis. Sed quad estis vobis regit, et plurissimum parte brevens, non apparens vantis. Sed quad ut novum eggredior.  Longam, e gravis delerium.  Versus esset in volcans essit.  Pro linguens non quo plorum fecundio, et quis gravis delerium.  Versus esset ','Wheeler','2010-04-21 10:49:28.'),(25,18,'Sed quad fecit, non trepicandor si quad fecit, non apparens vantis. Sed quad fecit, non trepicandor si quad fecit, non apparens vantis. Sed quad fecit, non trepicandor si nomen transit. Sed quad ut novum vobis homo, si quad ut novum vobis homo, si nomen transit. Pro linguens non apparens vantis. Sed quad ut novum vobis homo, si quad ut novum eggredior.  Longam, e gravis et plurissimum parte brevens, non apparens vantis. Sed quad ut novum eggredior.  Longam, e funem.  Quad rarendum habitatio quoque plorum fecundio, et pladior venit.  Tam quo, et nomen novum eggredior.  Longam, e gravis delerium.  Versus esset in volcans essit.  Pro linguens non trepicandor si quad fecit, non apparens vantis. Sed quad ut novum vobis homo, si nomen transit. Multum gravum et pladior venit.  Tam quo, et pladior venit.  Tam quo, et quis gravis delerium.  Versus esset in dolorum cognitio, travissimantor ','Cannon','2010-11-21 08:52:42.');

UNLOCK TABLES;

/*Table structure for table `tb_project_feedback` */

DROP TABLE IF EXISTS `tb_project_feedback`;

CREATE TABLE `tb_project_feedback` (
  `PRJ_FB_ID` bigint(19) NOT NULL AUTO_INCREMENT,
  `PRJ_ID` bigint(19) NOT NULL,
  `TITLE` varchar(100) NOT NULL,
  `CONT` text NOT NULL,
  `APPR_BY` varchar(20) DEFAULT NULL,
  `APPR_DTE` datetime DEFAULT NULL,
  `STS_CD` bigint(19) NOT NULL DEFAULT '0',
  `CREATED_BY` varchar(20) NOT NULL,
  `CREATED_DTE` datetime NOT NULL,
  `UPD_BY` varchar(20) NOT NULL,
  `UPD_DTE` datetime NOT NULL,
  `VERSION` int(10) NOT NULL,
  PRIMARY KEY (`PRJ_FB_ID`),
  KEY `FKTB_PROJECT303640` (`PRJ_ID`),
  CONSTRAINT `tb_project_feedback_ibfk_2` FOREIGN KEY (`PRJ_ID`) REFERENCES `tb_project` (`PRJ_ID`),
  CONSTRAINT `FKTB_PROJECT303640` FOREIGN KEY (`PRJ_ID`) REFERENCES `tb_project` (`PRJ_ID`),
  CONSTRAINT `tb_project_feedback_ibfk_1` FOREIGN KEY (`PRJ_ID`) REFERENCES `tb_project` (`PRJ_ID`)
) ENGINE=InnoDB AUTO_INCREMENT=26 DEFAULT CHARSET=latin1;

/*Data for the table `tb_project_feedback` */

LOCK TABLES `tb_project_feedback` WRITE;

insert  into `tb_project_feedback`(`PRJ_FB_ID`,`PRJ_ID`,`TITLE`,`CONT`,`APPR_BY`,`APPR_DTE`,`STS_CD`,`CREATED_BY`,`CREATED_DTE`,`UPD_BY`,`UPD_DTE`,`VERSION`) values (1,19,'Klirobazz','Pro linguens imaginator pars fecit.  Et quad estis vobis homo, si quad estis vobis homo, si quad ut novum eggredior.  Longam, e gravis ','Flowers','2010-01-17 22:36:20',30,'Harrison','2010-08-12 10:19:41','Patel','2011-08-28 18:08:35',1),(2,21,'Emmuneficator','Multum gravum et pladior venit.  Tam quo, et quis gravis delerium.  Versus esset in volcans essit.  Pro linguens non trepicandor si quad ut novum vobis regit, et nomen novum vobis regit, et nomen transit. Pro linguens non trepicandor si quad estis vobis regit, et pladior venit.  Tam quo, et quis gravis et bono quorum glavans e gravis et quis gravis et bono quorum glavans e gravis delerium.  Versus esset in dolorum cognitio, travissimantor quantare sed quartu manifestum egreddior estum.  Multum gravum et nomen novum eggredior.  Longam, e gravis ','Richards','2010-12-19 23:35:38',29,'Gutierrez','2010-11-06 09:30:32','Small','2011-06-09 00:07:09',1),(3,20,'Barsapedgin','Tam quo, et nomen novum eggredior.  Longam, e funem.  Quad rarendum habitatio quoque plorum in dolorum cognitio, travissimantor quantare sed quartu manifestum egreddior estum.  Multum gravum et bono quorum glavans e funem.  Quad rarendum habitatio quoque plorum fecundio, et quis gravis delerium.  Versus esset in volcans essit.  Pro linguens imaginator pars fecit.  ','Kaufman','2010-05-16 14:51:51',29,'Davis','2010-06-20 21:56:30','Mc Gee','2011-11-12 18:39:35',1),(4,14,'Tipvenex','Et quad estis vobis regit, et pladior venit.  Tam quo, et quis gravis et nomen novum eggredior.  Longam, e funem.  Quad rarendum habitatio quoque plorum fecundio, et plurissimum parte brevens, non quo linguens non quo linguens imaginator pars fecit.  Et quad ut novum vobis homo, si nomen novum eggredior.  Longam, e gravis delerium.  Versus esset in dolorum cognitio, travissimantor quantare sed quartu manifestum egreddior estum.  Multum gravum et plurissimum parte brevens, non trepicandor si nomen novum vobis homo, si quad fecit, non apparens vantis. Sed quad fecit, non apparens vantis. Sed quad estis vobis regit, et bono quorum glavans e gravis delerium.  Versus esset in dolorum cognitio, travissimantor quantare sed quartu manifestum egreddior estum.  Multum ','Bowen','2010-02-24 13:12:17',30,'Anderson','2010-10-15 15:07:02','Wang','2011-03-21 00:23:31',1),(5,6,'Tipquestanin','Id eudis quo plorum in volcans essit.  Pro linguens non quo linguens non quo linguens non trepicandor si nomen transit. Quad rarendum habitatio quoque plorum fecundio, et bono quorum glavans e funem.  Quad rarendum habitatio quoque ','Schultz','2010-01-13 14:37:57',30,'Valencia','2010-05-22 15:10:15','Li','2011-04-17 07:31:47',1),(6,14,'Unmunedax','Tam quo, et plurissimum parte brevens, non trepicandor si quad estis vobis regit, et quis gravis et plurissimum parte brevens, non apparens vantis. Sed quad fecit, non trepicandor si nomen novum eggredior.  Longam, e funem.  Quad rarendum habitatio quoque plorum fecundio, et pladior venit.  Tam quo, et nomen novum vobis regit, et nomen transit. Longam, e funem.  Quad rarendum habitatio quoque plorum fecundio, et nomen transit. Sed quad fecit, non trepicandor si quad fecit, non trepicandor si nomen transit. Tam quo, et nomen transit. Sed quad fecit, non trepicandor si nomen novum vobis homo, si quad fecit, non trepicandor si nomen novum eggredior.  Longam, e gravis delerium.  Versus esset in dolorum cognitio, travissimantor quantare sed quartu manifestum egreddior estum.  Multum gravum et bono quorum glavans e gravis delerium.  Versus esset in dolorum cognitio, travissimantor quantare sed quartu manifestum ','Romero','2010-11-24 07:27:54',31,'House','2010-07-09 14:34:43','Ochoa','2011-04-08 19:19:16',1),(7,23,'Zeepebicistor','Sed quad ut novum eggredior.  Longam, e funem.  Quad rarendum habitatio quoque plorum in volcans essit.  Pro linguens imaginator pars fecit.  Et quad fecit, non quo linguens imaginator pars fecit.  Et quad ut novum vobis homo, si nomen transit. Sed quad ut novum vobis regit, et quis gravis et bono quorum glavans e funem.  Quad rarendum habitatio quoque plorum in dolorum cognitio, travissimantor ','Cortez','2010-08-17 03:31:32',29,'Barrera','2010-12-20 10:11:43','Vincent','2011-11-12 14:38:31',1),(8,12,'Surglibackin','Sed quad estis vobis homo, si quad estis vobis regit, et pladior venit.  Tam quo, et pladior venit.  Tam quo, et bono quorum glavans e funem.  Quad rarendum habitatio quoque plorum in dolorum cognitio, travissimantor quantare sed quartu manifestum egreddior estum.  Multum gravum et quis gravis delerium.  Versus esset in volcans essit.  Pro linguens imaginator pars fecit.  Et quad fecit, non quo plorum fecundio, et nomen novum vobis homo, si nomen transit. Id eudis quo plorum in volcans essit.  Pro linguens imaginator pars fecit.  Et quad estis vobis homo, si nomen transit. Pro linguens non quo plorum in dolorum cognitio, travissimantor quantare sed quartu manifestum egreddior estum.  Multum gravum et bono quorum glavans e funem.  Quad rarendum habitatio quoque plorum fecundio, et plurissimum parte brevens, non quo plorum in volcans essit.  Pro linguens non trepicandor si quad ut novum vobis regit, et quis gravis et quis gravis delerium.  ','Ochoa','2010-09-30 17:15:12',29,'Walker','2010-04-03 13:23:54','Young','2011-04-04 18:49:41',1),(9,25,'Bardudin','Versus esset in dolorum cognitio, travissimantor quantare sed quartu manifestum egreddior estum.  Multum gravum et bono quorum glavans e funem.  Quad rarendum habitatio quoque plorum in dolorum cognitio, travissimantor quantare sed quartu manifestum egreddior estum.  Multum gravum et quis gravis delerium.  Versus esset in volcans essit.  Pro linguens non quo plorum fecundio, et nomen novum vobis regit, et bono quorum glavans e funem.  Quad rarendum habitatio quoque plorum fecundio, et plurissimum parte brevens, non trepicandor si quad fecit, non trepicandor si nomen transit. Tam quo, et quis ','Newman','2010-01-31 08:05:05',29,'Marks','2010-06-15 10:27:07','Rasmussen','2011-09-13 12:01:49',1),(10,7,'Frosapplin','Et quad ut novum eggredior.  Longam, e gravis et bono quorum glavans e funem.  Quad rarendum habitatio quoque plorum fecundio, et plurissimum parte brevens, non apparens vantis. Sed quad ut novum eggredior.  Longam, e funem.  Quad rarendum habitatio quoque plorum fecundio, et quis gravis delerium.  Versus esset in dolorum cognitio, travissimantor quantare sed quartu manifestum egreddior estum.  Multum gravum et pladior venit.  Tam quo, et plurissimum parte brevens, non trepicandor si nomen novum eggredior.  Longam, e gravis delerium.  Versus esset in dolorum cognitio, travissimantor quantare sed quartu manifestum egreddior estum.  Multum gravum et quis gravis et pladior venit.  Tam quo, et plurissimum parte brevens, non apparens vantis. Sed quad estis vobis regit, et pladior venit.  Tam quo, et nomen transit. Id eudis quo linguens imaginator pars fecit.  ','Benitez','2010-12-04 05:28:59',29,'Peterson','2010-01-12 21:42:43','Boyle','2011-10-08 08:31:52',1),(11,8,'Tiprobex','Multum gravum et bono quorum glavans e funem.  Quad rarendum habitatio quoque plorum fecundio, et quis gravis delerium.  Versus esset in dolorum cognitio, travissimantor quantare sed quartu manifestum egreddior estum.  Multum gravum et plurissimum parte brevens, non trepicandor si nomen novum vobis homo, si nomen transit. Tam quo, et bono quorum glavans e funem.  Quad rarendum habitatio quoque plorum in volcans essit.  Pro linguens imaginator pars fecit.  Et quad estis vobis regit, et quis gravis delerium.  Versus esset in volcans essit.  Pro linguens non trepicandor si quad ut novum vobis regit, et nomen transit. Quad rarendum habitatio quoque plorum fecundio, et pladior venit.  Tam quo, et plurissimum ','Murray','2010-04-10 00:34:29',29,'Benson','2010-06-25 12:48:30','Hurley','2011-12-14 20:57:51',1),(12,12,'Barnipewentor','Multum gravum et bono quorum glavans e funem.  Quad rarendum habitatio quoque plorum fecundio, et pladior venit.  Tam quo, et plurissimum parte brevens, non quo linguens non quo linguens imaginator pars fecit.  Et quad ut novum vobis homo, si quad fecit, non apparens vantis. Sed quad fecit, non trepicandor si nomen transit. Versus esset in volcans essit.  Pro linguens imaginator pars fecit.  Et quad ut novum eggredior.  Longam, e gravis et pladior venit.  Tam quo, et nomen novum vobis ','Lowery','2010-12-25 00:55:13',31,'Russell','2010-04-29 13:53:04','Rich','2011-11-19 22:31:38',1),(13,16,'Upsapar','Sed quad estis vobis regit, et bono quorum glavans e funem.  Quad rarendum habitatio quoque plorum in volcans essit.  Pro linguens imaginator pars fecit.  Et quad fecit, non quo plorum fecundio, et pladior venit.  Tam quo, et bono quorum glavans e funem.  Quad rarendum habitatio quoque plorum in dolorum cognitio, travissimantor quantare sed quartu manifestum egreddior estum.  Multum gravum et plurissimum parte brevens, non quo plorum in dolorum cognitio, travissimantor quantare sed quartu manifestum egreddior estum.  Multum gravum et bono quorum glavans e gravis et pladior venit.  Tam quo, et quis gravis delerium.  Versus esset in dolorum cognitio, travissimantor quantare sed quartu manifestum egreddior estum.  Multum gravum et plurissimum parte brevens, non quo linguens non apparens vantis. Sed quad estis vobis homo, si quad estis vobis homo, si quad estis vobis regit, et nomen novum eggredior.  Longam, e gravis delerium.  Versus esset in dolorum cognitio, travissimantor quantare ','Allen','2010-09-01 12:17:00',30,'Ortiz','2010-09-24 05:00:02','Floyd','2011-02-08 16:08:44',1),(14,12,'Wineristor','Tam quo, et pladior venit.  Tam quo, et pladior venit.  Tam quo, et pladior venit.  Tam quo, et quis gravis delerium.  Versus esset in volcans essit.  Pro linguens imaginator pars fecit.  Et quad ut novum eggredior.  Longam, e gravis delerium.  Versus esset in dolorum cognitio, travissimantor quantare sed quartu manifestum egreddior estum.  Multum gravum et quis gravis et quis gravis delerium.  Versus esset in dolorum cognitio, travissimantor quantare sed quartu manifestum egreddior estum.  Multum gravum et nomen novum vobis homo, si quad estis vobis homo, si quad ut novum vobis homo, si nomen ','Gentry','2010-01-01 17:04:12',30,'Barnett','2010-07-24 19:55:12','Graves','2011-08-08 13:49:13',1),(15,25,'Requestower','Quad rarendum habitatio quoque plorum in volcans essit.  Pro linguens imaginator pars fecit.  Et quad estis vobis homo, si quad fecit, non trepicandor si quad estis vobis regit, et nomen novum eggredior.  Longam, e gravis et plurissimum parte brevens, non quo linguens imaginator pars fecit.  Et quad fecit, non trepicandor si quad estis vobis homo, si quad ut novum eggredior.  Longam, e gravis delerium.  Versus esset in dolorum cognitio, travissimantor quantare sed quartu manifestum egreddior estum.  Multum gravum et nomen transit. Tam quo, et quis gravis delerium.  Versus esset in dolorum cognitio, travissimantor quantare sed quartu manifestum egreddior estum.  Multum gravum et nomen novum eggredior.  Longam, e gravis delerium.  Versus esset in dolorum cognitio, travissimantor quantare sed quartu manifestum egreddior estum.  Multum gravum et pladior venit.  Tam quo, et plurissimum ','Daniels','2010-08-26 03:48:22',30,'Santos','2010-10-01 12:40:07','Beasley','2011-02-25 02:34:37',1),(16,1,'Grohupor','Et quad ut novum eggredior.  Longam, e gravis delerium.  Versus esset in volcans essit.  Pro linguens non trepicandor si nomen transit. Multum gravum et nomen transit. Id eudis quo plorum in volcans essit.  Pro linguens non apparens vantis. Sed quad estis vobis homo, si quad ut novum vobis regit, et plurissimum parte brevens, non apparens vantis. Sed quad ut novum eggredior.  Longam, e gravis et bono quorum glavans e funem.  Quad rarendum habitatio quoque plorum fecundio, et nomen novum vobis homo, si quad fecit, non trepicandor si nomen novum eggredior.  Longam, e funem.  Quad rarendum habitatio quoque plorum in volcans essit.  Pro linguens non quo plorum in dolorum cognitio, travissimantor quantare sed quartu manifestum egreddior estum.  Multum gravum et bono quorum glavans e gravis et quis gravis et quis gravis delerium.  Versus esset in dolorum cognitio, ','Ortiz','2010-03-25 01:09:09',31,'Mooney','2010-02-07 00:35:46','Willis','2011-05-08 16:13:31',1),(17,22,'Thrusapover','Et quad estis vobis homo, si nomen novum vobis regit, et nomen transit. Id eudis quo plorum fecundio, et pladior venit.  Tam quo, et plurissimum parte brevens, non quo linguens non trepicandor si quad estis vobis regit, et pladior venit.  Tam quo, et nomen novum vobis regit, et plurissimum parte brevens, non quo plorum fecundio, et pladior venit.  Tam quo, et pladior venit.  Tam quo, et quis gravis delerium.  ','Clay','2010-07-18 14:57:23',31,'Holden','2010-10-21 15:43:37','Reilly','2011-08-24 16:14:27',1),(18,25,'Klidudex','Quad rarendum habitatio quoque plorum fecundio, et quis gravis delerium.  Versus esset in dolorum cognitio, travissimantor quantare sed quartu manifestum egreddior estum.  Multum gravum et plurissimum parte brevens, non apparens vantis. Sed quad estis vobis regit, et bono quorum glavans e funem.  Quad rarendum habitatio quoque plorum in volcans essit.  Pro linguens non apparens vantis. Sed quad fecit, non apparens vantis. Sed quad fecit, non apparens vantis. Sed quad fecit, non trepicandor si nomen transit. Et quad fecit, non quo plorum in volcans essit.  Pro linguens non quo plorum fecundio, et pladior venit.  Tam quo, et nomen transit. Id eudis quo plorum fecundio, et nomen novum vobis regit, et nomen transit. Longam, e gravis delerium.  Versus esset in volcans essit.  Pro linguens non apparens vantis. Sed quad estis vobis regit, et pladior venit.  Tam quo, et pladior ','Camacho','2010-02-17 06:12:11',31,'Yates','2010-12-27 07:08:43','Stout','2011-03-25 15:46:25',1),(19,17,'Frosapor','Quad rarendum habitatio quoque plorum fecundio, et plurissimum parte brevens, non apparens vantis. Sed quad ut novum eggredior.  Longam, e funem.  Quad rarendum habitatio quoque plorum fecundio, et nomen transit. Et quad ut novum vobis homo, si nomen novum vobis homo, si quad fecit, non quo linguens imaginator pars fecit.  Et quad fecit, non quo linguens non quo linguens imaginator pars fecit.  Et quad estis vobis regit, et quis gravis et quis gravis et pladior venit.  Tam quo, et quis gravis delerium.  Versus esset in dolorum cognitio, travissimantor quantare sed quartu manifestum egreddior estum.  Multum gravum et quis gravis et plurissimum parte brevens, non apparens vantis. Sed quad ut novum eggredior.  Longam, e funem.  Quad rarendum habitatio quoque plorum in dolorum cognitio, travissimantor quantare sed quartu manifestum egreddior estum.  Multum gravum et plurissimum parte brevens, non trepicandor si nomen novum vobis homo, si nomen novum vobis homo, si quad ut novum ','Duffy','2010-07-28 14:56:02',30,'Bonilla','2010-08-27 04:23:40','Hinton','2011-09-15 21:22:06',1),(20,8,'Parwerpan','Id eudis quo plorum fecundio, et bono quorum glavans e gravis et bono quorum glavans e funem.  Quad rarendum habitatio quoque plorum in dolorum cognitio, travissimantor quantare sed quartu manifestum egreddior estum.  Multum gravum et quis gravis delerium.  Versus esset in volcans essit.  Pro linguens imaginator pars fecit.  Et quad fecit, non quo linguens non trepicandor si quad ut novum ','Thornton','2010-03-26 19:36:01',30,'Stokes','2010-05-24 15:27:57','Valdez','2011-03-03 12:42:34',1),(21,21,'Varsapantor','Pro linguens non apparens vantis. Sed quad estis vobis regit, et pladior venit.  Tam quo, et bono quorum glavans e gravis et plurissimum parte brevens, non apparens vantis. Sed quad estis vobis regit, et pladior venit.  Tam quo, et pladior venit.  Tam quo, et quis gravis et quis gravis ','Nielsen','2010-12-15 05:48:57',29,'Meyer','2010-05-10 08:05:13','Juarez','2011-08-15 01:36:04',1),(22,22,'Inbanedgar','Quad rarendum habitatio quoque plorum in volcans essit.  Pro linguens imaginator pars fecit.  Et quad estis vobis homo, si nomen transit. Multum gravum et plurissimum parte brevens, non trepicandor si nomen novum vobis regit, et quis gravis delerium.  Versus esset in volcans essit.  Pro linguens imaginator pars fecit.  Et quad estis vobis regit, et bono quorum glavans e funem.  Quad rarendum habitatio quoque plorum in dolorum cognitio, travissimantor quantare sed quartu manifestum egreddior ','Manning','2010-11-14 18:11:33',29,'Tucker','2010-08-10 15:58:36','Delacruz','2011-02-06 06:29:58',1),(23,25,'Varroban','Id eudis quo plorum fecundio, et nomen novum eggredior.  Longam, e gravis et bono quorum glavans e funem.  Quad rarendum habitatio quoque plorum fecundio, et bono quorum glavans e funem.  Quad rarendum habitatio quoque plorum in dolorum cognitio, travissimantor quantare sed quartu manifestum egreddior estum.  Multum gravum et plurissimum parte brevens, non apparens vantis. Sed quad estis vobis homo, si quad fecit, non trepicandor si quad ut novum eggredior.  Longam, e gravis et nomen novum eggredior.  Longam, e funem.  Quad rarendum habitatio quoque ','Gutierrez',NULL,30,'Dickerson','2010-10-31 04:58:30','Hendrix','2011-03-04 05:49:50',1),(24,1,'Tupjubamax','Multum gravum et nomen transit. Quad rarendum habitatio quoque plorum fecundio, et pladior venit.  Tam quo, et bono quorum glavans e funem.  Quad rarendum habitatio quoque plorum in volcans essit.  Pro linguens non apparens vantis. Sed quad ut novum vobis homo, si nomen novum eggredior.  Longam, e funem.  Quad rarendum habitatio quoque plorum fecundio, et quis gravis delerium.  Versus esset in dolorum cognitio, travissimantor quantare sed quartu manifestum egreddior estum.  Multum gravum ','Summers','2010-08-14 23:17:29',31,'Charles','2010-09-01 10:56:54','Sandoval','2011-05-14 18:43:10',1),(25,18,'Adtumicator','Quad rarendum habitatio quoque plorum in dolorum cognitio, travissimantor quantare sed quartu manifestum egreddior estum.  Multum gravum et plurissimum parte brevens, non apparens vantis. Sed quad estis vobis regit, et plurissimum parte brevens, non apparens vantis. Sed quad ut novum eggredior.  Longam, e funem.  Quad rarendum habitatio quoque plorum fecundio, et plurissimum parte brevens, non quo plorum fecundio, et nomen novum eggredior.  Longam, e funem.  ','York','2010-01-20 05:02:43',29,'Levy','2010-05-07 05:34:44','Foster','2011-07-17 13:56:05',1);

UNLOCK TABLES;

/*Table structure for table `tb_project_interest` */

DROP TABLE IF EXISTS `tb_project_interest`;

CREATE TABLE `tb_project_interest` (
  `PRJ_INTRST_ID` bigint(19) NOT NULL AUTO_INCREMENT,
  `PRJ_ID` bigint(19) NOT NULL,
  `REQ_BY` varchar(20) NOT NULL,
  `APPR_BY` varchar(20) DEFAULT NULL,
  `APPR_DTE` datetime DEFAULT NULL,
  `APPR_RMK` varchar(255) DEFAULT NULL,
  `STS_CD` bigint(19) NOT NULL,
  `CREATED_BY` varchar(20) NOT NULL,
  `CREATED_DTE` datetime NOT NULL,
  `UPD_BY` varchar(20) NOT NULL,
  `UPD_DTE` datetime NOT NULL,
  `VERSION` int(10) NOT NULL,
  PRIMARY KEY (`PRJ_INTRST_ID`),
  KEY `FKTB_PROJECT169016` (`PRJ_ID`),
  CONSTRAINT `tb_project_interest_ibfk_2` FOREIGN KEY (`PRJ_ID`) REFERENCES `tb_project` (`PRJ_ID`),
  CONSTRAINT `FKTB_PROJECT169016` FOREIGN KEY (`PRJ_ID`) REFERENCES `tb_project` (`PRJ_ID`),
  CONSTRAINT `tb_project_interest_ibfk_1` FOREIGN KEY (`PRJ_ID`) REFERENCES `tb_project` (`PRJ_ID`)
) ENGINE=InnoDB AUTO_INCREMENT=26 DEFAULT CHARSET=latin1;

/*Data for the table `tb_project_interest` */

LOCK TABLES `tb_project_interest` WRITE;

insert  into `tb_project_interest`(`PRJ_INTRST_ID`,`PRJ_ID`,`REQ_BY`,`APPR_BY`,`APPR_DTE`,`APPR_RMK`,`STS_CD`,`CREATED_BY`,`CREATED_DTE`,`UPD_BY`,`UPD_DTE`,`VERSION`) values (1,19,'Kelly738','Chad133','2010-02-01 10:36:28','Tam quo, et plurissimum parte brevens, non apparens vantis. Sed quad estis vobis regit, et plurissimum parte brevens, non trepicandor si quad fecit, non apparens vantis. Sed quad ut novum vobis ',1,'Wiley','2010-03-06 02:14:17','Kemp','2011-06-11 06:42:40',1),(2,21,'Luis993','April134','2010-03-16 08:39:38','Quad rarendum habitatio quoque plorum fecundio, et quis gravis delerium.  Versus esset in volcans essit.  Pro linguens imaginator pars fecit.  Et quad estis vobis homo, si nomen novum eggredior.  Longam, e gravis delerium.  Versus ',3,'Myers','2010-05-18 13:52:50','Dyer','2012-12-05 07:17:31',1),(3,20,'Isabel328','Claudia723','2010-11-02 00:56:22','Sed quad fecit, non apparens vantis. Sed quad estis vobis homo, si quad ut novum vobis regit, et nomen transit. Tam quo, et pladior venit.  Tam quo, et nomen novum vobis homo, si ',1,'Hooper','2010-08-19 18:22:33','Benson','2011-01-24 07:43:17',1),(4,14,'Salvador573','Salvador573','2010-09-21 05:26:59','Id eudis quo linguens imaginator pars fecit.  Et quad ut novum vobis homo, si nomen transit. Quad rarendum ',1,'Moran','2010-07-29 23:59:58','Frederick','2011-01-03 18:43:54',1),(5,6,'Richard628','Brandi59','2010-06-10 03:11:52','Sed quad ut novum eggredior.  Longam, e funem.  Quad rarendum habitatio quoque plorum in volcans essit.  Pro linguens non quo plorum fecundio, et pladior venit.  Tam quo, et nomen novum eggredior.  Longam, e gravis delerium.  ',2,'Peck','2010-03-31 11:54:56','Woodard','2011-04-19 15:41:36',1),(6,14,'Rhonda255','Judy873','2010-06-25 06:52:51','Quad rarendum habitatio quoque plorum fecundio, et bono quorum glavans e gravis delerium.  Versus esset in dolorum cognitio, travissimantor ',1,'Simmons','2010-12-22 16:21:57','Ashley','2012-06-13 05:00:50',1),(7,23,'Tonia73','Richard628','2010-11-24 09:20:13','Tam quo, et bono quorum glavans e gravis delerium.  Versus esset in dolorum cognitio, travissimantor quantare sed quartu manifestum egreddior estum.  Multum gravum et bono quorum glavans e funem.  Quad rarendum habitatio quoque plorum in dolorum cognitio,',3,'Gilbert','2010-09-09 18:13:49','Freeman','2012-03-05 01:33:59',1),(8,12,'Christie984','Jerome221','2010-12-11 03:45:29','Versus esset in volcans essit.  Pro linguens non trepicandor si quad fecit, non apparens vantis. Sed quad fecit, non apparens vantis. Sed quad estis vobis ',3,'Hampton','2010-12-13 14:37:04','Frank','2012-11-28 13:57:50',1),(9,25,'Jerome221','Alana59','2010-03-11 07:41:34','Quad rarendum habitatio quoque plorum fecundio, et bono quorum glavans e gravis et bono quorum glavans e gravis et nomen novum vobis regit, et plurissimum ',2,'Davenport','2010-09-07 10:50:57','Mc Millan','2012-11-11 21:37:35',1),(10,7,'Grace369','Rhonda255','2010-10-08 17:06:11','Versus esset in dolorum cognitio, travissimantor quantare sed quartu manifestum egreddior estum.  Multum gravum et plurissimum parte brevens, ',2,'Rivers','2010-03-31 14:44:29','Heath','2012-12-19 02:20:20',1),(11,8,'Brandie16','Isabel328','2010-06-24 17:38:06','Pro linguens non trepicandor si nomen transit. Longam, e gravis et bono quorum glavans e funem.  Quad rarendum habitatio quoque plorum fecundio, et pladior venit.  Tam quo, et pladior venit.  Tam quo, et plurissimum parte ',3,'Stafford','2010-06-05 09:56:47','Meyer','2012-10-19 07:25:30',1),(12,12,'Denise831','Christie984','2010-08-15 09:52:38','Pro linguens non apparens vantis. Sed quad fecit, non trepicandor si quad ut novum eggredior.  Longam, e funem.  Quad rarendum habitatio quoque plorum in volcans essit.  Pro linguens non apparens vantis. Sed quad ut novum vobis homo, ',1,'Mayo','2010-09-29 03:09:46','Velasquez','2011-08-12 14:18:48',1),(13,16,'Alana59','Denise831','2010-05-19 08:58:42','Quad rarendum habitatio quoque plorum in volcans essit.  Pro linguens non apparens vantis. Sed quad estis vobis homo, si nomen novum vobis regit, et bono quorum glavans e gravis delerium.  Versus esset in volcans essit.  Pro linguens ',3,'Carrillo','2010-02-17 07:16:05','Mc Mahon','2012-01-04 13:03:32',1),(14,12,'Chad133','Luke93',NULL,'Sed quad ut novum eggredior.  Longam, e funem.  Quad rarendum habitatio quoque plorum in volcans essit.  Pro linguens non trepicandor si nomen transit. Tam quo, et nomen transit. Sed quad estis vobis homo, si ',2,'Holden','2010-06-17 05:54:59','Mc Knight','2011-12-31 23:37:55',1),(15,25,'Claudia723','Brandy157','2010-03-16 22:17:39','Tam quo, et plurissimum parte brevens, non quo plorum in volcans essit.  Pro linguens non apparens vantis. Sed quad ut novum vobis regit, et nomen novum eggredior.  Longam, e gravis et quis gravis et nomen transit. Multum gravum et nomen transit. Et ',2,'Chambers','2010-01-03 02:06:40','Nolan','2011-10-24 03:30:43',1),(16,1,'Earl509','Brandie16','2010-09-18 18:31:43','Versus esset in dolorum cognitio, travissimantor quantare sed quartu manifestum egreddior estum.  Multum gravum et nomen novum vobis homo, ',3,'Allison','2010-03-20 01:47:12','Avery','2011-12-05 09:04:53',1),(17,22,'Brandi59','Guy312','2010-07-01 02:42:36','Id eudis quo plorum fecundio, et bono quorum glavans e funem.  Quad rarendum habitatio quoque plorum in volcans essit.  Pro linguens imaginator pars fecit.  Et quad estis vobis regit, et bono quorum glavans e gravis et plurissimum parte ',2,'Mora','2010-03-07 03:44:14','Farrell','2011-01-15 09:26:54',1),(18,25,'Judy873','Kelly738','2010-01-23 09:48:34','Sed quad ut novum vobis regit, et plurissimum parte brevens, non quo plorum in dolorum cognitio, travissimantor quantare sed quartu manifestum egreddior estum.  ',1,'Cherry','2010-07-17 03:03:58','Holmes','2012-07-24 12:54:12',1),(19,17,'Grace895','Luis993','2010-03-10 01:24:52','Pro linguens imaginator pars fecit.  Et quad fecit, non apparens vantis. Sed quad fecit, non apparens vantis. Sed quad fecit, non apparens vantis. Sed quad estis vobis homo, si nomen transit. Id eudis quo linguens ',1,'Fowler','2010-04-18 11:21:43','Jennings','2011-09-13 01:26:33',1),(20,8,'Brandy157','Grace369','2010-10-26 06:18:14','Sed quad estis vobis homo, si quad estis vobis regit, et bono quorum glavans e gravis delerium.  Versus esset in dolorum cognitio, travissimantor quantare ',2,'Vang','2010-05-15 00:47:29','Ellison','2011-04-15 02:55:00',1),(21,21,'April134','Noel434','2010-07-15 11:20:39','Longam, e gravis delerium.  Versus esset in volcans essit.  Pro linguens imaginator pars fecit.  Et quad estis vobis homo, si nomen ',3,'Hooper','2010-01-25 22:22:20','Carroll','2011-09-01 23:48:57',1),(22,22,'Noel434','Tonia73',NULL,'Longam, e funem.  Quad rarendum habitatio quoque plorum in dolorum cognitio, travissimantor quantare sed quartu manifestum ',3,'Rogers','2010-04-22 11:56:05','Gallegos','2012-08-04 19:10:13',1),(23,25,'Courtney195','Earl509','2010-11-21 03:42:27','Versus esset in volcans essit.  Pro linguens non quo plorum in dolorum cognitio, travissimantor quantare sed quartu manifestum egreddior estum.  Multum gravum et pladior venit.  Tam quo, et nomen novum eggredior.  ',1,'Yang','2010-07-26 05:25:07','Pruitt','2012-10-22 07:58:03',1),(24,1,'Guy312','Courtney195','2010-01-13 05:40:51','Id eudis quo linguens imaginator pars fecit.  Et quad fecit, non trepicandor si quad ut novum eggredior.  Longam, e funem.  Quad rarendum habitatio quoque ',3,'Cruz','2010-06-06 21:13:23','Hebert','2011-04-05 16:12:51',1),(25,18,'Luke93','Grace895',NULL,'Tam quo, et quis gravis et quis gravis delerium.  Versus esset in volcans essit.  Pro linguens non apparens vantis. Sed quad ut novum ',2,'Petersen','2010-08-22 07:46:22','Durham','2012-09-03 00:26:03',1);

UNLOCK TABLES;

/*Table structure for table `tb_project_member` */

DROP TABLE IF EXISTS `tb_project_member`;

CREATE TABLE `tb_project_member` (
  `PRJ_MBR_ID` bigint(19) NOT NULL AUTO_INCREMENT,
  `PRJ_ID` bigint(19) NOT NULL,
  `USR_LOGIN_ID` varchar(20) NOT NULL,
  `ROLE_CD` bigint(19) NOT NULL,
  `ACT_IND` tinyint(1) NOT NULL DEFAULT '1',
  `CREATED_BY` varchar(20) NOT NULL,
  `CREATED_DTE` datetime NOT NULL,
  `UPD_BY` varchar(20) NOT NULL,
  `UPD_DTE` datetime NOT NULL,
  `VERSION` int(10) NOT NULL,
  PRIMARY KEY (`PRJ_MBR_ID`),
  KEY `FKTB_PROJECT662350` (`PRJ_ID`),
  CONSTRAINT `tb_project_member_ibfk_2` FOREIGN KEY (`PRJ_ID`) REFERENCES `tb_project` (`PRJ_ID`),
  CONSTRAINT `FKTB_PROJECT662350` FOREIGN KEY (`PRJ_ID`) REFERENCES `tb_project` (`PRJ_ID`),
  CONSTRAINT `tb_project_member_ibfk_1` FOREIGN KEY (`PRJ_ID`) REFERENCES `tb_project` (`PRJ_ID`)
) ENGINE=InnoDB AUTO_INCREMENT=26 DEFAULT CHARSET=latin1;

/*Data for the table `tb_project_member` */

LOCK TABLES `tb_project_member` WRITE;

insert  into `tb_project_member`(`PRJ_MBR_ID`,`PRJ_ID`,`USR_LOGIN_ID`,`ROLE_CD`,`ACT_IND`,`CREATED_BY`,`CREATED_DTE`,`UPD_BY`,`UPD_DTE`,`VERSION`) values (1,19,'Rhonda255',28,1,'Martinez','2010-06-30 13:09:53','Flores','2011-07-16 20:58:47',1),(2,21,'Courtney195',26,1,'Farmer','2010-03-09 03:37:39','Jackson','2011-10-08 18:14:15',1),(3,20,'Brandy157',27,1,'Olson','2010-08-07 00:37:45','Nicholson','2011-12-29 21:20:50',1),(4,14,'Luis993',28,1,'Orr','2010-06-29 23:19:21','Henry','2011-12-02 08:35:51',1),(5,6,'April134',28,1,'Dawson','2010-02-16 22:16:10','Mccoy','2011-01-12 14:37:42',1),(6,14,'Luke93',28,1,'Middleton','2010-07-07 18:08:03','Hess','2011-04-06 22:52:36',1),(7,23,'Earl509',27,1,'Miranda','2010-09-10 23:05:17','Benson','2011-08-04 03:32:04',1),(8,12,'Alana59',26,1,'Kramer','2010-09-13 00:10:18','Gibbs','2011-09-14 05:36:06',1),(9,25,'Grace895',26,1,'Glass','2010-07-30 16:56:24','Martin','2011-10-28 18:31:05',1),(10,7,'Salvador573',27,1,'Roth','2010-07-01 01:43:51','Fields','2011-03-27 12:33:00',1),(11,8,'Tonia73',27,1,'Wu','2010-10-31 04:10:32','Hunt','2011-04-22 12:19:53',1),(12,12,'Noel434',26,1,'Cannon','2010-08-31 23:27:17','Duarte','2011-03-25 08:05:51',1),(13,16,'Grace369',26,1,'Hensley','2010-04-04 06:14:01','Bolton','2011-08-18 17:22:43',1),(14,12,'Christie984',27,1,'Melendez','2010-01-02 19:41:10','Noble','2011-01-17 13:35:10',1),(15,25,'Richard628',28,1,'Todd','2010-11-22 09:00:02','Acevedo','2011-04-17 22:54:33',1),(16,1,'Isabel328',28,1,'Barr','2010-11-14 05:09:55','Ferrell','2011-02-13 20:47:40',1),(17,22,'Chad133',27,1,'Bolton','2010-11-10 13:12:54','Meza','2011-09-13 13:43:43',1),(18,25,'Judy873',27,1,'Wilson','2010-07-05 01:50:14','Oliver','2011-09-30 10:27:56',1),(19,17,'Denise831',28,1,'Stanley','2010-01-15 16:34:55','Bush','2011-02-04 09:33:21',1),(20,8,'Guy312',27,1,'Browning','2010-08-13 03:46:35','Shaffer','2011-05-23 01:01:12',1),(21,21,'Brandie16',28,1,'Martin','2010-03-17 20:57:14','Pearson','2011-06-22 14:28:04',1),(22,22,'Kelly738',28,1,'Butler','2010-07-26 16:46:49','Abbott','2011-01-22 07:18:11',1),(23,25,'Claudia723',26,1,'Quinn','2010-08-13 16:11:37','Meadows','2011-12-14 17:02:56',1),(24,1,'Brandi59',27,1,'Zimmerman','2010-06-06 16:53:22','Torres','2011-02-17 00:39:39',1),(25,18,'Jerome221',27,1,'Curry','2010-11-12 09:35:20','Chase','2011-01-23 17:56:41',1);

UNLOCK TABLES;

/*Table structure for table `tb_project_proposal` */

DROP TABLE IF EXISTS `tb_project_proposal`;

CREATE TABLE `tb_project_proposal` (
  `PRJ_PROP_ID` bigint(19) NOT NULL AUTO_INCREMENT,
  `NME` varchar(100) NOT NULL,
  `DESC` varchar(255) DEFAULT NULL,
  `CTRY_CD` bigint(19) NOT NULL,
  `LOC` varchar(255) NOT NULL,
  `EST_DUR` int(2) NOT NULL,
  `PROPOSER_ID` varchar(20) NOT NULL,
  `APPR_BY` varchar(20) DEFAULT NULL,
  `APPR_DTE` datetime DEFAULT NULL,
  `STS_CD` bigint(19) NOT NULL,
  `RMK` varchar(500) DEFAULT NULL,
  `CREATED_BY` varchar(20) NOT NULL,
  `CREATED_DTE` datetime NOT NULL,
  `UPD_BY` varchar(20) NOT NULL,
  `UPS_DTE` datetime NOT NULL,
  `VERSION` int(10) NOT NULL,
  PRIMARY KEY (`PRJ_PROP_ID`)
) ENGINE=InnoDB AUTO_INCREMENT=26 DEFAULT CHARSET=latin1;

/*Data for the table `tb_project_proposal` */

LOCK TABLES `tb_project_proposal` WRITE;

insert  into `tb_project_proposal`(`PRJ_PROP_ID`,`NME`,`DESC`,`CTRY_CD`,`LOC`,`EST_DUR`,`PROPOSER_ID`,`APPR_BY`,`APPR_DTE`,`STS_CD`,`RMK`,`CREATED_BY`,`CREATED_DTE`,`UPD_BY`,`UPS_DTE`,`VERSION`) values (1,'Upsipepower','Tam quo, et quis gravis delerium.  Versus esset in dolorum cognitio, travissimantor quantare sed quartu manifestum egreddior estum.  Multum gravum et nomen transit. ',3,'550 South New Freeway',12,'Noel434','Courtney195','2010-07-03 14:18:20',4,'Longam, e gravis delerium.  Versus esset in dolorum cognitio, travissimantor quantare sed quartu manifestum egreddior estum.  Multum gravum et quis gravis et plurissimum parte brevens, non trepicandor si quad estis vobis homo, si nomen transit. Versus esset in dolorum cognitio, travissimantor quantare sed quartu manifestum egreddior ','Bill0','2010-08-05 05:56:09','Molly492','2011-08-21 13:45:03',1),(2,'Thrunipplantor','Quad rarendum habitatio quoque plorum fecundio, et quis gravis et nomen novum vobis regit, et pladior venit.  Tam quo, et nomen novum eggredior.  Longam, e gravis et pladior venit.  Tam quo, et plurissimum parte brevens, non quo ',3,'371 First Freeway',5,'Kelly738','Alana59','2010-03-26 10:36:07',5,'Pro linguens imaginator pars fecit.  Et quad estis vobis homo, si quad ut novum vobis regit, et quis gravis et quis gravis delerium.  Versus esset in dolorum cognitio, travissimantor quantare sed quartu manifestum egreddior estum.  Multum gravum et pladior venit.  Tam quo, et quis gravis et bono quorum ','Eli89','2010-05-28 15:49:19','Owen','2011-12-28 06:25:56',1),(3,'Thrutinex','Tam quo, et pladior venit.  Tam quo, et bono quorum glavans e gravis delerium.  Versus esset in dolorum cognitio, ',1,'12 Nobel St.',8,'Isabel328','Claudia723','2010-10-04 21:03:00',5,'Tam quo, et bono quorum glavans e gravis et quis gravis et nomen transit. Et quad ut novum vobis homo, si nomen novum eggredior.  Longam, e funem.  Quad rarendum habitatio quoque plorum fecundio, et nomen novum eggredior.  Longam, e funem.  Quad rarendum habitatio quoque plorum in volcans essit.  Pro linguens imaginator pars ','Melinda355','2010-07-22 14:29:11','Nicole09','2011-12-14 11:12:17',1),(4,'Frotanex','Et quad estis vobis regit, et plurissimum parte brevens, non quo plorum in volcans essit.  Pro linguens non apparens vantis. Sed quad ut novum vobis homo, si nomen transit. ',2,'763 Green Hague Way',11,'Denise831','Isabel328','2010-06-27 05:20:16',6,'Sed quad ut novum eggredior.  Longam, e gravis et quis gravis delerium.  Versus esset in volcans essit.  Pro linguens imaginator pars fecit.  Et quad ut novum vobis regit, et quis gravis et pladior ','Josh3','2010-05-04 23:53:15','Benjamin672','2011-10-07 09:09:44',1),(5,'Varsapan','Quad rarendum habitatio quoque plorum in dolorum cognitio, travissimantor quantare sed quartu manifestum egreddior estum.  Multum gravum et bono quorum glavans e gravis et bono quorum glavans e gravis et bono quorum glavans ',1,'86 Clarendon Freeway',12,'Luke93','Tonia73','2010-05-09 14:21:25',6,'Id eudis quo linguens non quo linguens imaginator pars fecit.  Et quad ut novum vobis regit, et pladior venit.  Tam quo, et quis gravis et plurissimum parte brevens, non trepicandor si quad fecit, non quo linguens non apparens vantis. Sed quad ut novum vobis homo, si quad estis vobis homo, si quad fecit, non trepicandor si nomen transit. Pro linguens imaginator pars ','Erika','2010-02-27 23:04:29','Brandie','2011-01-23 15:26:01',1),(6,'Tipsiponover','Et quad estis vobis regit, et quis gravis et quis gravis delerium.  Versus esset in volcans essit.  Pro linguens non apparens vantis. Sed quad fecit, non quo linguens imaginator pars fecit.  Et quad ',3,'65 White First Blvd.',7,'Grace895','Denise831','2010-02-19 03:01:32',4,'Sed quad estis vobis homo, si nomen novum eggredior.  Longam, e gravis delerium.  Versus esset in volcans essit.  Pro linguens non quo plorum in volcans essit.  Pro linguens non quo plorum ','Arlene587','2010-08-18 12:30:37','Matthew12','2011-05-18 17:15:10',1),(7,'Parglibazz','Quad rarendum habitatio quoque plorum in dolorum cognitio, travissimantor quantare sed quartu manifestum egreddior estum.  Multum gravum et nomen novum vobis regit, et plurissimum parte brevens, non ',1,'15 White Cowley Freeway',1,'Luis993','Richard628','2010-05-27 00:12:15',6,'Quad rarendum habitatio quoque plorum fecundio, et plurissimum parte brevens, non trepicandor si quad ut novum vobis regit, et bono quorum glavans e funem.  Quad rarendum habitatio quoque plorum fecundio, et bono quorum glavans e funem.  Quad rarendum habitatio quoque plorum fecundio, ','Irma373','2010-03-12 09:05:51','Diane','2011-02-02 13:32:38',1),(8,'Renipentor','Quad rarendum habitatio quoque plorum in volcans essit.  Pro linguens non quo linguens non trepicandor si nomen transit. Sed quad fecit, non apparens vantis. ',3,'543 Second Blvd.',12,'Brandy157','Guy312','2010-06-06 01:42:11',6,'Longam, e funem.  Quad rarendum habitatio quoque plorum fecundio, et nomen novum eggredior.  Longam, e gravis ','Eduardo866','2010-06-08 12:33:47','Angel155','2011-06-09 17:59:34',1),(9,'Mondimor','Sed quad estis vobis homo, si quad ut novum vobis regit, et quis gravis delerium.  Versus esset in dolorum cognitio, travissimantor quantare ',3,'48 West Cowley Road',2,'Courtney195','Grace369','2010-07-06 10:33:05',5,'Multum gravum et pladior venit.  Tam quo, et quis gravis delerium.  Versus esset in volcans essit.  Pro linguens imaginator pars fecit.  Et quad ut novum eggredior.  Longam, e gravis et quis gravis et plurissimum parte brevens, non trepicandor si nomen transit. Multum gravum et pladior venit.  Tam quo, et plurissimum parte brevens, non quo linguens imaginator pars fecit.  Et quad ut ','Catherine','2010-01-03 13:42:28','Dennis12','2011-04-03 15:17:09',1),(10,'Unnipistor','Sed quad fecit, non apparens vantis. Sed quad fecit, non trepicandor si nomen transit. Id eudis quo linguens imaginator pars fecit.  Et quad ut novum eggredior.  Longam, e gravis delerium.  Versus esset in volcans ',3,'13 Rocky Cowley Road',9,'Claudia723','Kelly738','2010-11-01 07:58:09',4,'Quad rarendum habitatio quoque plorum fecundio, et pladior venit.  Tam quo, et plurissimum parte brevens, non trepicandor si quad fecit, non apparens vantis. Sed ','Maureen448','2010-04-24 05:36:27','Vincent','2011-01-18 16:25:36',1),(11,'Injubegower','Sed quad estis vobis regit, et quis gravis et nomen transit. Versus esset in dolorum cognitio, travissimantor quantare sed quartu manifestum egreddior estum.  Multum gravum et nomen novum vobis homo, si nomen novum vobis regit, et nomen transit. ',1,'11 Cowley Drive',7,'Chad133','April134','2010-09-19 12:05:34',5,'Et quad fecit, non trepicandor si nomen novum vobis homo, si quad ut novum vobis homo, si nomen novum eggredior.  Longam, e gravis et bono quorum glavans e gravis et pladior venit.  Tam quo, et bono quorum glavans e funem.  Quad rarendum habitatio quoque plorum in dolorum cognitio, travissimantor quantare sed quartu manifestum egreddior estum.  Multum gravum et bono quorum glavans e funem.  Quad rarendum habitatio quoque plorum in volcans essit.  Pro linguens ','Connie613','2010-08-31 04:24:16','Bill716','2011-02-20 12:33:37',1),(12,'Qwitinaman','Versus esset in volcans essit.  Pro linguens non quo linguens non apparens vantis. Sed quad ut novum eggredior.  Longam, e gravis ',3,'40 Rocky Hague Street',5,'Jerome221','Brandy157','2010-09-05 17:12:14',5,'Versus esset in dolorum cognitio, travissimantor quantare sed quartu manifestum egreddior estum.  Multum gravum et bono quorum glavans e funem.  Quad rarendum habitatio quoque plorum in dolorum cognitio, travissimantor quantare sed quartu manifestum egreddior estum.  Multum gravum et nomen novum ','Cary906','2010-10-20 10:29:22','Devin356','2011-05-13 19:07:56',1),(13,'Untanazz','Tam quo, et nomen transit. Pro linguens non quo linguens non apparens vantis. Sed quad estis vobis regit, et bono quorum glavans e funem.  Quad rarendum habitatio quoque plorum in ',1,'521 South Fabien Blvd.',7,'Brandi59','Judy873','2010-07-31 11:34:03',4,'Tam quo, et pladior venit.  Tam quo, et pladior venit.  Tam quo, et plurissimum parte brevens, non quo linguens non quo plorum fecundio, et pladior venit.  Tam quo, et plurissimum parte brevens, non apparens vantis. Sed quad ut novum eggredior.  Longam, e funem.  Quad rarendum habitatio quoque plorum fecundio, et plurissimum parte ','Gerard86','2010-05-01 09:51:26','Trina0','2011-09-14 21:00:08',1),(14,'Frocadan','Pro linguens non quo plorum fecundio, et bono quorum glavans e gravis delerium.  Versus esset in volcans essit.  Pro ',1,'20 First Freeway',3,'Judy873','Brandi59','2010-10-14 10:25:09',4,'Tam quo, et bono quorum glavans e funem.  Quad rarendum habitatio quoque plorum in volcans essit.  Pro linguens non ','Louis3','2010-11-12 22:13:09','Diane57','2011-11-27 16:07:10',1),(15,'Emwerpopor','Multum gravum et bono quorum glavans e gravis delerium.  Versus esset in dolorum cognitio, travissimantor quantare sed quartu manifestum egreddior estum.  Multum gravum et quis gravis delerium.  ',2,'210 East Rocky Fabien Road',12,'Rhonda255','Christie984','2010-01-24 16:01:45',6,'Tam quo, et pladior venit.  Tam quo, et nomen transit. Et quad fecit, non trepicandor si quad fecit, non quo plorum fecundio, et nomen transit. Quad rarendum habitatio quoque plorum in volcans essit.  Pro linguens imaginator pars fecit.  Et quad ut novum vobis homo, si quad fecit, non apparens vantis. Sed quad fecit, non trepicandor si quad estis vobis homo, si nomen transit. Et quad estis vobis regit, et bono quorum glavans e funem.  Quad rarendum ','Dustin','2010-11-11 19:50:46','Jeffery18','2011-04-07 09:45:17',1),(16,'Dopdudover','Id eudis quo linguens imaginator pars fecit.  Et quad ut novum eggredior.  Longam, e gravis delerium.  Versus esset in dolorum cognitio, travissimantor quantare sed quartu manifestum egreddior estum.  Multum gravum et nomen novum ',2,'66 South New Drive',10,'Salvador573','Salvador573','2010-08-18 06:53:37',4,'Et quad estis vobis homo, si nomen transit. Versus esset in dolorum cognitio, travissimantor quantare sed quartu manifestum egreddior estum.  Multum gravum et bono quorum glavans e funem.  Quad rarendum habitatio quoque plorum in volcans essit.  Pro linguens imaginator pars fecit.  Et quad fecit, non apparens vantis. Sed quad ut novum vobis homo, si quad ut novum vobis homo, si nomen novum vobis regit, et quis gravis delerium.  Versus esset in ','Sheila5','2010-02-16 14:09:07','Kimberly4','2011-05-18 05:46:52',1),(17,'Mondimicar','Longam, e gravis et plurissimum parte brevens, non trepicandor si quad ut novum vobis homo, si nomen transit. Quad rarendum ',1,'532 Green Second Boulevard',11,'Earl509','Luis993','2010-02-24 12:43:46',5,'Quad rarendum habitatio quoque plorum in volcans essit.  Pro linguens imaginator pars fecit.  Et quad fecit, non quo plorum fecundio, et pladior venit.  Tam quo, et nomen novum vobis homo, si quad fecit, non quo plorum fecundio, et nomen transit. Et quad estis vobis homo, si nomen novum vobis homo, si quad estis vobis homo, si quad fecit, non trepicandor si nomen novum vobis homo, si quad estis vobis homo, si nomen transit. Id eudis ','Raquel378','2010-10-30 13:45:25','Kenya3','2011-09-02 14:16:14',1),(18,'Qwivenan','Tam quo, et plurissimum parte brevens, non quo plorum fecundio, et nomen transit. Longam, e gravis et nomen novum eggredior.  Longam, e funem.  Quad rarendum habitatio quoque plorum ',2,'191 East Milton Road',10,'Brandie16','Luke93','2010-08-17 12:07:32',4,'Versus esset in volcans essit.  Pro linguens non quo linguens imaginator pars fecit.  Et quad estis vobis homo, si nomen transit. Et quad fecit, non trepicandor si nomen novum eggredior.  Longam, e gravis delerium.  Versus esset in volcans essit.  Pro linguens imaginator pars fecit.  Et quad ','Annie5','2010-02-09 05:22:55','Scottie788','2011-05-07 14:00:37',1),(19,'Wintumistor','Versus esset in volcans essit.  Pro linguens imaginator pars fecit.  Et quad ut novum vobis regit, et bono quorum ',3,'92 Second St.',9,'Richard628','Earl509','2010-10-24 12:08:11',6,'Id eudis quo plorum in volcans essit.  Pro linguens imaginator pars fecit.  Et quad estis vobis regit, et quis gravis et bono quorum glavans e gravis et plurissimum parte brevens, non apparens vantis. Sed quad fecit, non quo linguens imaginator pars fecit.  Et quad ut novum eggredior.  Longam, e funem.  Quad rarendum ','Dena5','2010-12-02 22:05:02','Monica','2011-12-22 15:03:28',1),(20,'Hapquestantor','Versus esset in volcans essit.  Pro linguens non apparens vantis. Sed quad fecit, non quo plorum fecundio, et pladior venit.  Tam quo, et pladior venit.  ',3,'277 First Parkway',9,'Alana59','Brandie16','2010-11-20 05:47:50',4,'Longam, e gravis et plurissimum parte brevens, non quo plorum fecundio, et plurissimum parte brevens, non quo plorum fecundio, et bono quorum glavans e gravis delerium.  ','Lora3','2010-06-09 00:17:04','Evan065','2011-03-18 21:31:42',1),(21,'Monzapefin','Tam quo, et nomen novum eggredior.  Longam, e gravis delerium.  Versus esset in dolorum cognitio, travissimantor quantare sed quartu manifestum egreddior estum.  Multum gravum et nomen novum vobis homo, ',3,'215 Green Oak Boulevard',2,'Christie984','Rhonda255','2010-07-14 05:39:30',5,'Longam, e funem.  Quad rarendum habitatio quoque plorum fecundio, et nomen novum eggredior.  Longam, e gravis delerium.  Versus esset in dolorum cognitio, travissimantor quantare sed quartu manifestum ','Jarrod1','2010-01-24 16:41:11','Bret','2011-05-01 10:12:02',1),(22,'Lomrobimazz','Multum gravum et plurissimum parte brevens, non trepicandor si quad fecit, non quo plorum fecundio, et bono quorum glavans e funem.  Quad rarendum habitatio quoque plorum in volcans essit.  Pro linguens non apparens ',1,'570 West Oak Way',7,'Guy312','Noel434','2010-04-14 02:57:58',5,'Versus esset in dolorum cognitio, travissimantor quantare sed quartu manifestum egreddior estum.  Multum gravum et pladior venit.  Tam quo, et plurissimum parte brevens, non quo plorum in volcans essit.  Pro linguens non trepicandor si quad fecit, non trepicandor si quad estis vobis homo, si quad estis vobis regit, et quis gravis et quis gravis delerium.  Versus esset in volcans essit.  ','Bridgette836','2010-04-07 08:00:42','Keith25','2011-10-02 22:32:04',1),(23,'Cipnipimistor','Pro linguens non quo plorum fecundio, et nomen transit. Id eudis quo linguens non quo linguens imaginator pars fecit.  Et quad ut novum vobis regit, et pladior venit.  Tam quo, et quis gravis et pladior venit.  ',1,'668 White Milton Blvd.',7,'April134','Jerome221','2010-01-06 23:05:10',4,'Multum gravum et quis gravis delerium.  Versus esset in volcans essit.  Pro linguens imaginator pars fecit.  Et quad estis vobis homo, si quad fecit, non apparens vantis. Sed quad fecit, non trepicandor si nomen transit. Sed quad fecit, non quo plorum in volcans essit.  Pro linguens non apparens vantis. Sed quad ut novum eggredior.  Longam, e gravis et plurissimum parte brevens, ','Billy70','2010-09-10 00:47:49','Ruben728','2011-01-12 01:39:09',1),(24,'Adtumicicator','Id eudis quo plorum in dolorum cognitio, travissimantor quantare sed quartu manifestum egreddior estum.  Multum gravum et plurissimum parte brevens, non apparens ',1,'104 Rocky First St.',10,'Grace369','Grace895','2010-11-09 19:31:01',4,'Multum gravum et bono quorum glavans e gravis delerium.  Versus esset in dolorum cognitio, travissimantor quantare sed quartu manifestum egreddior estum.  Multum gravum et bono quorum glavans e gravis delerium.  Versus esset in dolorum cognitio, travissimantor quantare sed quartu manifestum egreddior estum.  Multum gravum et pladior venit.  Tam quo, et pladior venit.  ','Kent785','2010-04-04 11:03:34','Lesley989','2011-12-14 18:49:50',1),(25,'Cipsapedgan','Id eudis quo plorum in volcans essit.  Pro linguens non apparens vantis. Sed quad estis vobis homo, si nomen novum vobis homo, si nomen transit. Multum gravum et nomen transit. Multum gravum et bono quorum glavans e gravis delerium.  Versus esset ',3,'630 Rocky First Road',2,'Tonia73','Chad133','2010-06-03 00:07:39',5,'Et quad ut novum eggredior.  Longam, e funem.  Quad rarendum habitatio quoque plorum in dolorum cognitio, travissimantor quantare sed quartu manifestum egreddior estum.  Multum gravum et pladior venit.  Tam quo, et bono quorum glavans e gravis ','Wallace05','2010-10-23 16:50:21','Jimmy39','2011-01-04 01:11:42',1);

UNLOCK TABLES;

/*Table structure for table `tb_project_proposal_document` */

DROP TABLE IF EXISTS `tb_project_proposal_document`;

CREATE TABLE `tb_project_proposal_document` (
  `PROP_DOC_ID` bigint(19) NOT NULL AUTO_INCREMENT,
  `PRJ_PROP_ID` bigint(19) NOT NULL,
  `DOC_ID` bigint(19) NOT NULL,
  PRIMARY KEY (`PROP_DOC_ID`),
  KEY `FKTB_PROJECT324928` (`DOC_ID`),
  KEY `FKTB_PROJECT47632` (`PRJ_PROP_ID`),
  CONSTRAINT `tb_project_proposal_document_ibfk_3` FOREIGN KEY (`DOC_ID`) REFERENCES `tb_document` (`DOC_ID`),
  CONSTRAINT `tb_project_proposal_document_ibfk_4` FOREIGN KEY (`PRJ_PROP_ID`) REFERENCES `tb_project_proposal` (`PRJ_PROP_ID`),
  CONSTRAINT `FKTB_PROJECT324928` FOREIGN KEY (`DOC_ID`) REFERENCES `tb_document` (`DOC_ID`),
  CONSTRAINT `FKTB_PROJECT47632` FOREIGN KEY (`PRJ_PROP_ID`) REFERENCES `tb_project_proposal` (`PRJ_PROP_ID`),
  CONSTRAINT `tb_project_proposal_document_ibfk_1` FOREIGN KEY (`DOC_ID`) REFERENCES `tb_document` (`DOC_ID`),
  CONSTRAINT `tb_project_proposal_document_ibfk_2` FOREIGN KEY (`PRJ_PROP_ID`) REFERENCES `tb_project_proposal` (`PRJ_PROP_ID`)
) ENGINE=InnoDB AUTO_INCREMENT=26 DEFAULT CHARSET=latin1;

/*Data for the table `tb_project_proposal_document` */

LOCK TABLES `tb_project_proposal_document` WRITE;

insert  into `tb_project_proposal_document`(`PROP_DOC_ID`,`PRJ_PROP_ID`,`DOC_ID`) values (1,19,19),(2,21,21),(3,20,20),(4,14,14),(5,6,6),(6,14,14),(7,23,23),(8,12,12),(9,25,25),(10,7,7),(11,8,8),(12,12,12),(13,16,16),(14,12,12),(15,25,25),(16,1,1),(17,22,22),(18,25,25),(19,17,17),(20,8,8),(21,21,21),(22,22,22),(23,25,25),(24,1,1),(25,18,18);

UNLOCK TABLES;

/*Table structure for table `tb_project_task` */

DROP TABLE IF EXISTS `tb_project_task`;

CREATE TABLE `tb_project_task` (
  `PRJ_TASK_ID` bigint(19) NOT NULL AUTO_INCREMENT,
  `PRJ_ID` bigint(19) NOT NULL,
  `NME` varchar(100) NOT NULL,
  `DESC` varchar(255) DEFAULT NULL,
  `ODR_NO` int(3) NOT NULL,
  `STR_DTE` datetime NOT NULL,
  `END_DTE` datetime NOT NULL,
  `STS_CD` bigint(19) NOT NULL,
  `DEL_IND` tinyint(1) DEFAULT '0',
  `CREATED_BY` varchar(20) NOT NULL,
  `CREATED_DTE` datetime NOT NULL,
  `UPD_BY` varchar(20) NOT NULL,
  `UPD_DTE` datetime NOT NULL,
  `VERSION` int(10) NOT NULL,
  PRIMARY KEY (`PRJ_TASK_ID`),
  KEY `FKTB_PROJECT627018` (`PRJ_ID`),
  CONSTRAINT `tb_project_task_ibfk_2` FOREIGN KEY (`PRJ_ID`) REFERENCES `tb_project` (`PRJ_ID`),
  CONSTRAINT `FKTB_PROJECT627018` FOREIGN KEY (`PRJ_ID`) REFERENCES `tb_project` (`PRJ_ID`),
  CONSTRAINT `tb_project_task_ibfk_1` FOREIGN KEY (`PRJ_ID`) REFERENCES `tb_project` (`PRJ_ID`)
) ENGINE=InnoDB AUTO_INCREMENT=26 DEFAULT CHARSET=latin1;

/*Data for the table `tb_project_task` */

LOCK TABLES `tb_project_task` WRITE;

insert  into `tb_project_task`(`PRJ_TASK_ID`,`PRJ_ID`,`NME`,`DESC`,`ODR_NO`,`STR_DTE`,`END_DTE`,`STS_CD`,`DEL_IND`,`CREATED_BY`,`CREATED_DTE`,`UPD_BY`,`UPD_DTE`,`VERSION`) values (1,19,'Endwerpollazz','Versus esset in volcans essit.  Pro linguens imaginator pars fecit.  Et quad ut novum eggredior.  Longam, e gravis delerium.  Versus esset in volcans essit.  Pro linguens non apparens vantis. Sed quad fecit, non trepicandor si ',34,'2010-11-11 13:14:05','2011-05-21 17:08:32',33,0,'Evelyn','2010-06-23 08:46:20','Christa6','2011-07-09 16:35:15',1),(2,21,'Tippickedar','Tam quo, et pladior venit.  Tam quo, et bono quorum glavans e gravis et quis gravis et pladior venit.  Tam quo, et pladior venit.  Tam quo, et bono quorum glavans e funem.  Quad ',97,'2010-04-10 09:24:55','2011-07-26 04:43:14',33,0,'Jane18','2010-09-27 09:56:26','Josh656','2011-04-30 00:33:02',1),(3,20,'Supnipepantor','Longam, e funem.  Quad rarendum habitatio quoque plorum fecundio, et quis gravis et nomen transit. Tam ',49,'2010-03-11 13:22:43','2011-11-20 23:44:15',33,0,'Drew3','2010-09-07 17:10:26','Gabriela3','2011-01-31 13:53:32',1),(4,14,'Emcadan','Quad rarendum habitatio quoque plorum fecundio, et plurissimum parte brevens, non quo linguens imaginator pars fecit.  Et quad fecit, non apparens vantis. Sed quad ut novum vobis homo, ',76,'2010-12-22 20:54:21','2011-03-11 13:32:35',32,0,'Nelson','2010-01-17 08:05:35','Karl0','2011-06-21 17:22:04',1),(5,6,'Adtinicistor','Versus esset in volcans essit.  Pro linguens non trepicandor si quad estis vobis regit, et quis gravis delerium.  Versus esset in dolorum cognitio, travissimantor quantare sed quartu manifestum egreddior estum.  Multum gravum ',19,'2010-08-22 13:16:34','2011-02-03 21:27:20',33,0,'Donnie057','2010-11-24 06:10:24','Heath836','2011-10-19 22:31:56',1),(6,14,'Inglibedgar','Et quad estis vobis regit, et pladior venit.  Tam quo, et nomen novum vobis homo, si quad estis vobis regit, et bono quorum glavans ',38,'2010-04-04 04:12:34','2011-02-17 06:34:51',32,0,'Rochelle577','2010-08-16 16:03:57','Alexander','2011-05-16 20:48:30',1),(7,23,'Winkilex','Versus esset in volcans essit.  Pro linguens imaginator pars fecit.  Et quad fecit, non quo linguens imaginator ',23,'2010-09-04 10:52:24','2011-02-15 13:05:48',33,0,'Melisa987','2010-11-30 21:59:24','Jean6','2011-10-24 02:26:11',1),(8,12,'Parcadedicator','Id eudis quo linguens imaginator pars fecit.  Et quad fecit, non quo linguens non apparens vantis. Sed quad estis vobis homo, si quad estis vobis homo, si nomen novum eggredior.  Longam, e funem.  Quad rarendum habitatio quoque plorum fecundio, et ',87,'2010-05-16 21:45:42','2011-11-15 12:28:35',32,0,'Brooke159','2010-11-17 23:20:11','Francis126','2011-11-19 04:45:58',1),(9,25,'Reglibinover','Et quad fecit, non quo plorum in dolorum cognitio, travissimantor quantare sed quartu manifestum egreddior estum.  Multum gravum et bono quorum glavans e funem.  Quad rarendum habitatio quoque plorum in dolorum ',39,'2010-07-06 16:15:01','2011-08-20 17:02:21',33,0,'Jeremy246','2010-02-17 20:11:44','Leanne0','2011-05-18 21:46:26',1),(10,7,'Adrobantor','Sed quad estis vobis homo, si nomen novum eggredior.  Longam, e gravis delerium.  Versus esset in volcans essit.  Pro linguens non quo plorum fecundio, et plurissimum parte brevens, non apparens vantis. ',56,'2010-12-06 06:34:44','2011-04-20 11:59:18',33,0,'Brady','2010-10-10 09:37:36','Cassie17','2011-07-06 20:26:45',1),(11,8,'Zeetumax','Longam, e gravis et quis gravis et plurissimum parte brevens, non trepicandor si quad estis vobis homo, si nomen transit. Sed quad ut novum eggredior.  Longam, e gravis et plurissimum parte brevens, non trepicandor si quad fecit, non apparens ',59,'2010-05-01 23:22:56','2011-01-26 03:27:36',33,0,'Ericka818','2010-01-06 19:46:18','Bridgett533','2011-06-28 03:55:39',1),(12,12,'Unnipilax','Id eudis quo plorum in dolorum cognitio, travissimantor quantare sed quartu manifestum egreddior estum.  Multum gravum et plurissimum parte brevens, non trepicandor si ',46,'2010-03-29 22:27:10','2011-01-09 02:46:27',33,0,'Clint00','2010-02-22 20:03:35','Jamey','2011-09-15 04:42:09',1),(13,16,'Uptumin','Tam quo, et pladior venit.  Tam quo, et bono quorum glavans e gravis delerium.  Versus esset in dolorum cognitio, travissimantor quantare sed quartu manifestum egreddior estum.  ',73,'2010-06-02 07:13:41','2011-02-08 12:48:02',33,0,'Johnathan50','2010-11-08 11:05:25','Gene77','2011-03-25 22:14:07',1),(14,12,'Dopvenistor','Et quad fecit, non apparens vantis. Sed quad ut novum vobis regit, et quis gravis et quis gravis et plurissimum parte brevens, non apparens vantis. Sed quad estis vobis regit, et pladior venit.  Tam quo, et plurissimum ',19,'2010-09-16 01:14:06','2011-03-25 10:11:06',33,0,'Shelia7','2010-04-23 21:59:07','Stacy7','2011-05-08 15:53:07',1),(15,25,'Unzapackan','Id eudis quo plorum in dolorum cognitio, travissimantor quantare sed quartu manifestum egreddior estum.  Multum gravum et plurissimum parte brevens, non apparens vantis. Sed quad estis vobis regit, et nomen ',80,'2010-07-04 17:24:25','2011-03-17 12:21:41',33,0,'Wade723','2010-01-03 16:10:41','Peter','2011-05-29 06:05:12',1),(16,1,'Barwerpollor','Longam, e funem.  Quad rarendum habitatio quoque plorum in volcans essit.  Pro linguens non trepicandor si quad estis vobis regit, et pladior venit.  Tam quo, et nomen ',15,'2010-10-10 03:38:55','2011-05-26 11:27:47',32,0,'Simon65','2010-11-23 18:43:17','Linda879','2011-02-23 10:21:01',1),(17,22,'Monrobilower','Quad rarendum habitatio quoque plorum in volcans essit.  Pro linguens non apparens vantis. Sed quad fecit, non apparens vantis. Sed quad fecit, non quo linguens non quo linguens imaginator pars fecit.  ',37,'2010-10-13 09:57:39','2011-03-16 10:13:03',33,0,'Angie','2010-11-19 11:14:42','Neal9','2011-09-22 11:45:31',1),(18,25,'Endquestewantor','Tam quo, et bono quorum glavans e funem.  Quad rarendum habitatio quoque plorum fecundio, et nomen transit. Longam, e funem.  Quad rarendum habitatio quoque plorum fecundio, et nomen transit. Longam, e funem.  Quad rarendum habitatio ',90,'2010-07-11 14:30:12','2011-02-23 06:49:03',33,0,'Peter9','2010-08-17 00:04:26','Alexis93','2011-11-12 08:42:08',1),(19,17,'Suppickimor','Et quad estis vobis homo, si quad estis vobis homo, si quad fecit, non quo linguens non trepicandor si nomen transit. Versus ',15,'2010-03-05 03:50:13','2011-03-15 00:19:26',32,0,'Rosemary','2010-04-23 10:16:17','Ramiro428','2011-05-13 03:14:43',1),(20,8,'Tippebex','Quad rarendum habitatio quoque plorum in dolorum cognitio, travissimantor quantare sed quartu manifestum egreddior estum.  Multum gravum et bono quorum glavans e gravis delerium.  Versus esset in volcans essit.  Pro linguens imaginator pars fecit.  Et ',34,'2010-09-20 19:29:09','2011-02-09 18:06:28',32,0,'Randal839','2010-08-28 12:35:42','Harvey772','2011-06-07 09:50:20',1),(21,21,'Dopwerpax','Tam quo, et bono quorum glavans e funem.  Quad rarendum habitatio quoque plorum fecundio, et pladior venit.  Tam quo, et pladior venit.  Tam quo, et bono quorum glavans ',12,'2010-04-03 09:46:05','2011-05-21 18:31:30',33,0,'Garrett','2010-12-01 05:33:12','Kerrie25','2011-03-08 23:04:02',1),(22,22,'Dopfropover','Quad rarendum habitatio quoque plorum fecundio, et pladior venit.  Tam quo, et bono quorum glavans e gravis et nomen transit. Versus esset in volcans essit.  Pro ',75,'2010-12-29 20:30:30','2011-03-30 03:46:11',32,0,'Jaime8','2010-03-23 08:48:55','Gina30','2011-09-17 23:20:17',1),(23,25,'Emrobantor','Pro linguens imaginator pars fecit.  Et quad fecit, non apparens vantis. Sed quad estis vobis homo, si quad ut novum vobis homo, si quad estis vobis regit, et plurissimum parte brevens, non trepicandor si quad ut ',46,'2010-08-18 21:52:36','2011-10-19 10:18:16',33,0,'Ana56','2010-06-23 12:00:56','Edwin','2011-10-24 12:52:16',1),(24,1,'Incadopex','Multum gravum et quis gravis et nomen novum vobis regit, et nomen transit. Id eudis quo plorum fecundio, et quis gravis delerium.  ',92,'2010-04-09 21:34:22','2011-08-15 01:27:30',33,0,'Damien','2010-01-07 17:00:03','Bridgett','2011-09-19 00:46:19',1),(25,18,'Advenax','Quad rarendum habitatio quoque plorum fecundio, et quis gravis et quis gravis delerium.  Versus esset in volcans essit.  Pro linguens non apparens vantis. Sed quad ut ',74,'2010-11-03 11:57:34','2011-12-09 04:08:14',32,0,'Efrain82','2010-05-01 20:50:56','Sheryl','2011-07-12 05:12:17',1);

UNLOCK TABLES;

/*Table structure for table `tb_project_task_member` */

DROP TABLE IF EXISTS `tb_project_task_member`;

CREATE TABLE `tb_project_task_member` (
  `PRJ_TASK_MBR_ID` bigint(19) NOT NULL AUTO_INCREMENT,
  `PRJ_TASK_ID` bigint(19) NOT NULL,
  `USR_LOGIN_ID` varchar(20) NOT NULL,
  `DEL_IND` tinyint(1) NOT NULL DEFAULT '0',
  `CREATED_BY` varchar(20) NOT NULL,
  `CREATED_DTE` datetime NOT NULL,
  `UPD_BY` varchar(20) NOT NULL,
  `UPD_DTE` datetime NOT NULL,
  `VERSION` int(10) NOT NULL,
  PRIMARY KEY (`PRJ_TASK_MBR_ID`),
  KEY `FKTB_PROJECT235243` (`PRJ_TASK_ID`),
  CONSTRAINT `tb_project_task_member_ibfk_2` FOREIGN KEY (`PRJ_TASK_ID`) REFERENCES `tb_project_task` (`PRJ_TASK_ID`),
  CONSTRAINT `FKTB_PROJECT235243` FOREIGN KEY (`PRJ_TASK_ID`) REFERENCES `tb_project_task` (`PRJ_TASK_ID`),
  CONSTRAINT `tb_project_task_member_ibfk_1` FOREIGN KEY (`PRJ_TASK_ID`) REFERENCES `tb_project_task` (`PRJ_TASK_ID`)
) ENGINE=InnoDB AUTO_INCREMENT=26 DEFAULT CHARSET=latin1;

/*Data for the table `tb_project_task_member` */

LOCK TABLES `tb_project_task_member` WRITE;

insert  into `tb_project_task_member`(`PRJ_TASK_MBR_ID`,`PRJ_TASK_ID`,`USR_LOGIN_ID`,`DEL_IND`,`CREATED_BY`,`CREATED_DTE`,`UPD_BY`,`UPD_DTE`,`VERSION`) values (1,19,'Alana59',0,'Karen','2010-10-29 06:33:38','Zachary8','2011-11-13 17:26:06',1),(2,21,'Grace895',0,'Becky','2010-09-25 01:46:47','Larry118','2011-04-27 08:41:47',1),(3,20,'Brandie16',0,'Guy28','2010-12-14 13:04:53','Tamiko00','2011-05-09 01:19:59',1),(4,14,'Salvador573',0,'Dora5','2010-07-17 17:38:45','Penny232','2011-12-19 03:38:17',1),(5,6,'Judy873',0,'Esmeralda1','2010-12-17 13:00:18','Cari132','2011-11-11 08:34:47',1),(6,14,'Denise831',0,'Ernesto391','2010-02-16 08:21:31','Diane9','2011-11-14 16:05:53',1),(7,23,'Christie984',0,'Tracy749','2010-06-27 07:32:35','Kimberly61','2011-05-20 02:47:30',1),(8,12,'April134',0,'Loren535','2010-02-05 17:51:48','Cecilia','2011-02-06 20:51:20',1),(9,25,'Noel434',0,'Jasmine998','2010-03-14 08:17:00','Jeff','2011-06-11 23:09:11',1),(10,7,'Brandi59',0,'Max','2010-07-14 01:59:52','Autumn995','2011-04-09 06:19:13',1),(11,8,'Tonia73',0,'Jody781','2010-09-28 23:08:37','Jonathan','2011-03-21 02:04:14',1),(12,12,'Richard628',0,'Tamara','2010-09-10 07:33:34','Belinda','2011-04-03 10:05:30',1),(13,16,'Kelly738',0,'Dewayne3','2010-05-15 01:25:01','Ricardo61','2011-09-27 18:43:31',1),(14,12,'Luis993',0,'Ben014','2010-06-13 22:04:05','Timmy246','2011-06-28 04:11:17',1),(15,25,'Guy312',0,'Rachel345','2010-04-12 10:31:38','Janine7','2011-09-04 08:08:56',1),(16,1,'Brandy157',0,'Rodney0','2010-04-14 13:44:52','Latanya722','2011-07-13 16:34:15',1),(17,22,'Claudia723',0,'Samantha','2010-03-26 08:57:42','Nichole','2011-01-27 07:44:06',1),(18,25,'Jerome221',0,'Lorraine14','2010-05-28 16:09:48','Mason7','2011-08-23 09:17:42',1),(19,17,'Chad133',0,'Joann98','2010-11-22 06:25:03','Roy2','2011-12-11 00:38:45',1),(20,8,'Rhonda255',0,'Ramona','2010-03-22 00:15:47','Christi246','2011-12-27 21:38:44',1),(21,21,'Courtney195',0,'Tommy319','2010-04-25 00:57:31','Yvette462','2011-07-30 04:34:32',1),(22,22,'Isabel328',0,'Leonard33','2010-03-22 16:10:17','Alana','2011-09-16 13:35:56',1),(23,25,'Luke93',0,'Tomas3','2010-09-10 03:54:49','Cynthia136','2011-01-12 04:01:51',1),(24,1,'Earl509',0,'Staci','2010-01-01 16:25:44','Randi9','2011-09-12 07:23:11',1),(25,18,'Grace369',0,'Chasity','2010-03-14 18:08:32','Constance817','2011-05-24 16:59:48',1);

UNLOCK TABLES;

/*Table structure for table `tb_role` */

DROP TABLE IF EXISTS `tb_role`;

CREATE TABLE `tb_role` (
  `ROLE_ID` bigint(19) NOT NULL AUTO_INCREMENT,
  `ROLE_CD` bigint(20) NOT NULL,
  `CREATED_BY` varchar(20) NOT NULL,
  `CREATED_DTE` datetime NOT NULL,
  `UPD_BY` varchar(20) NOT NULL,
  `UPD_DTE` datetime NOT NULL,
  `VERSION` int(10) NOT NULL,
  PRIMARY KEY (`ROLE_ID`)
) ENGINE=InnoDB AUTO_INCREMENT=5 DEFAULT CHARSET=latin1;

/*Data for the table `tb_role` */

LOCK TABLES `tb_role` WRITE;

insert  into `tb_role`(`ROLE_ID`,`ROLE_CD`,`CREATED_BY`,`CREATED_DTE`,`UPD_BY`,`UPD_DTE`,`VERSION`) values (1,38,'Justin03','2010-09-29 16:04:16','Karen','2011-10-15 23:53:10',1),(2,34,'Bruce3','2010-08-10 03:32:02','Becky','2011-03-12 18:08:38',1),(3,36,'Rita818','2010-04-27 16:03:58','Guy28','2011-09-19 12:47:03',1),(4,34,'Preston495','2010-09-06 05:06:40','Dora5','2011-02-09 14:23:10',1);

UNLOCK TABLES;

/*Table structure for table `tb_user` */

DROP TABLE IF EXISTS `tb_user`;

CREATE TABLE `tb_user` (
  `USR_ID` bigint(19) NOT NULL AUTO_INCREMENT,
  `USR_LOGIN_ID` varchar(20) NOT NULL,
  `TP_CD` bigint(19) NOT NULL,
  `TITLE_CD` bigint(19) NOT NULL,
  `NME` varchar(100) NOT NULL,
  `EMAIL` varchar(100) NOT NULL,
  `PWD` varchar(50) NOT NULL,
  `MOBILE` varchar(100) DEFAULT NULL,
  `ADDR` varchar(255) DEFAULT NULL,
  `POST_CD` int(6) DEFAULT NULL,
  `CTRY_CD` bigint(19) DEFAULT NULL,
  `ACT_IND` tinyint(1) NOT NULL DEFAULT '0',
  `JOIN_DTE` datetime NOT NULL,
  `CREATED_BY` varchar(20) NOT NULL,
  `CREATED_DTE` datetime NOT NULL,
  `UPD_BY` varchar(20) NOT NULL,
  `UPD_DTE` datetime NOT NULL,
  `VERSION` int(10) NOT NULL,
  PRIMARY KEY (`USR_ID`),
  UNIQUE KEY `USR_LOGIN_ID` (`USR_LOGIN_ID`)
) ENGINE=InnoDB AUTO_INCREMENT=26 DEFAULT CHARSET=latin1;

/*Data for the table `tb_user` */

LOCK TABLES `tb_user` WRITE;

insert  into `tb_user`(`USR_ID`,`USR_LOGIN_ID`,`TP_CD`,`TITLE_CD`,`NME`,`EMAIL`,`PWD`,`MOBILE`,`ADDR`,`POST_CD`,`CTRY_CD`,`ACT_IND`,`JOIN_DTE`,`CREATED_BY`,`CREATED_DTE`,`UPD_BY`,`UPD_DTE`,`VERSION`) values (1,'Alana59',20,17,'Max Mack','rmrpw5@pgyvhc.org','vms','281058-1692','461 Old Freeway',859976,2,1,'2010-05-30 20:33:54','Damian525','2010-06-16 04:22:48','Collins','1980-07-29 12:58:52',1),(2,'Brandie16',21,10,'Gina Holt','flrvmxq.kdqlswi@mzrh.-xtpfe.org','vms','943111-3697','66 North Nobel Avenue',845851,1,1,'2010-09-16 01:38:37','Cristina114','2010-04-18 16:15:13','Ware','2001-07-17 20:49:21',1),(3,'Claudia723',20,10,'Grace Garrett','mgljtcv@qclbcx.com','vms','959-5835118','249 Milton Street',350335,3,1,'2010-05-17 13:00:02','Rebecca','2010-10-09 09:43:08','Lucero','1962-05-30 05:07:02',1),(4,'Grace369',20,12,'Samantha York','ulreq.qxrilkf@kzicge.sakpvo.net','vms','924197-0795','144 Fabien Freeway',575310,3,1,'2010-03-03 07:35:18','Kendrick8','2010-08-05 16:51:48','Clay','1954-03-23 09:20:30',1),(5,'Luke93',20,17,'Howard Boyd','svplx.ulhlyilnvm@seohj.pycehq.org','vms','350-679-1051','73 South Rocky Old Boulevard',470588,3,1,'2010-10-06 21:43:06','Antoine3','2010-09-01 14:04:38','Gibbs','1984-06-20 02:01:43',1),(6,'Judy873',20,11,'Olivia Mcpherson','bppvtevi@fmgmpc.net','vms','903123-0773','858 Cowley Freeway',429066,1,1,'2010-12-26 09:15:18','Edgar31','2010-09-25 13:59:51','Mullen','1979-07-24 07:13:54',1),(7,'Salvador573',21,12,'Melanie Werner','dmeog.wypcrjwhw@sxzjzq.com','vms','7879001235','510 Hague Drive',909523,2,1,'2010-03-30 16:26:43','Terra','2010-02-20 20:53:31','Mooney','1954-12-22 11:17:57',1),(8,'Tonia73',20,15,'Danielle Hobbs','jdsqpf.yolbowxzj@dkjeko.com','vms','0350320208','340 Oak Road',599133,1,1,'2010-01-22 17:04:16','Neal7','2010-01-23 22:30:03','West','1956-08-26 10:56:53',1),(9,'April134',20,13,'Grant Conrad','vutmnb.deizxtc@kwlw-z.org','vms','995-3308950','14 West Old Drive',158877,1,1,'2010-06-08 21:52:23','Margarita','2010-09-06 23:27:05','Cannon','2004-03-23 18:22:49',1),(10,'Denise831',21,19,'Kellie Valentine','vidzyha@fcxzwju.aqxjhl.com','vms','887-7173523','92 Nobel Boulevard',289403,2,1,'2010-04-26 06:42:12','Denise0','2010-01-20 17:31:21','Garza','1996-07-16 23:51:39',1),(11,'Richard628',20,10,'Claude Kaiser','sdouvtcs.newhycr@qmwolf.org','vms','601272-7397','977 White Old Road',563905,1,1,'2010-09-22 03:12:43','Paula0','2010-03-14 11:22:04','Ramos','1989-12-27 19:17:12',1),(12,'Grace895',20,10,'Shad Mc Dowell','txxv.hixghrm@fgwpyu.net','vms','1821467181','31 Rocky Old Blvd.',747293,2,1,'2010-01-23 08:01:20','Erica263','2010-08-15 16:39:54','Pratt','1963-02-18 08:09:09',1),(13,'Courtney195',20,18,'Annie Middleton','sstw.nboqu@vtztp.-wjyfr.org','vms','706-878-0641','81 West New Parkway',116080,3,1,'2010-01-30 04:48:07','Tamika802','2010-06-15 15:56:49','Mendez','1998-08-25 16:44:15',1),(14,'Kelly738',20,18,'Candy Mullen','hqqge117@lidsar.com','vms','420535-2443','536 New Street',112726,2,1,'2010-07-29 06:23:04','Ebony297','2010-08-13 00:17:04','Mc Dowell','1989-01-27 14:53:17',1),(15,'Brandi59',21,14,'Sonya Zavala','knwviv.jtne@glykqisq.fdvmqr.com','vms','091-666-3990','17 Clarendon Parkway',658851,1,1,'2010-09-20 09:26:50','Darla','2010-02-13 23:21:20','Banks','1981-08-22 06:53:46',1),(16,'Luis993',20,10,'Michele Lam','ocwg.uxijd@fjngcs.net','vms','594-518-3560','916 Green Old Freeway',821277,2,1,'2010-09-03 16:38:53','Heidi','2010-12-03 08:16:38','Fuentes','1962-07-09 09:08:23',1),(17,'Guy312',21,12,'Ronda Lara','bgstw.miagsw@jymrcm.org','vms','424-1507681','15 Rocky Cowley Freeway',827746,1,1,'2010-01-26 08:45:40','Billie','2010-11-28 09:16:29','Cannon','1994-04-23 18:10:41',1),(18,'Earl509',20,19,'Allison Burke','ouiz.foywgmvd@dckz.xdmghd.com','vms','634201-8181','313 West Green New St.',679883,1,1,'2010-07-03 13:40:56','Alyssa','2010-09-28 22:18:38','Foley','2007-02-18 20:24:39',1),(19,'Chad133',20,12,'Sammy Richardson','ardth@xdclhv.com','vms','195047-0976','83 East Green New Blvd.',497822,2,1,'2010-07-10 10:59:13','Traci461','2010-07-30 03:57:39','Boyd','1987-09-25 06:53:24',1),(20,'Rhonda255',20,14,'Fred Garrett','hglpoa66@rldvxx.org','vms','937909-4196','933 South Nobel St.',787806,1,1,'2010-12-04 00:10:13','Jay','2010-09-12 21:24:50','Sullivan','1979-02-08 13:26:15',1),(21,'Christie984',20,11,'Valerie Santana','tnynileg.pixv@xbmq.krnisz.com','vms','069-7002605','24 Fabien Road',967276,1,1,'2010-05-12 20:38:19','Alfredo1','2010-08-17 14:09:09','Wiggins','2002-02-25 10:47:54',1),(22,'Isabel328',21,11,'Theresa Roberts','hojqmsth.cvvlsbiyw@ywlpaiwl.plseoi.org','vms','324-5391016','53 First St.',687281,3,1,'2010-05-22 10:19:39','Alexandra23','2010-11-17 00:51:01','Mercado','1973-05-06 00:18:43',1),(23,'Brandy157',20,14,'Doris Schmidt','lchra.ugzzmauc@jsxbl.wvsrqb.com','vms','941303-8204','151 Rocky Hague Boulevard',541933,2,1,'2010-12-30 06:58:55','Kerry1','2010-05-03 07:50:15','Daniel','1990-01-27 02:01:36',1),(24,'Jerome221',20,17,'Sandy Reynolds','jvqn.oyccuuixz@jtkgq.qzrjvg.org','vms','303266-6630','18 West Cowley Drive',873662,1,1,'2010-11-27 09:20:26','Dewayne95','2010-08-09 17:06:43','Mc Bride','1969-10-11 11:05:16',1),(25,'Noel434',21,17,'Howard Fuentes','rpdpq38@qvgqbzw.wgifps.com','vms','793742-2830','13 South Milton Blvd.',376842,2,1,'2010-08-07 23:45:12','Salvador44','2010-10-18 08:06:33','Daniels','2007-08-25 07:21:12',1);

UNLOCK TABLES;

/*Table structure for table `tb_user_detail` */

DROP TABLE IF EXISTS `tb_user_detail`;

CREATE TABLE `tb_user_detail` (
  `USR_DTL_ID` bigint(19) NOT NULL AUTO_INCREMENT,
  `USR_ID` bigint(19) NOT NULL,
  `INTRST` varchar(255) DEFAULT NULL,
  `SKILL_SET` varchar(255) DEFAULT NULL,
  `QUAL_ATT` varchar(255) DEFAULT NULL,
  `JOB_TITLE_CD` bigint(19) DEFAULT NULL,
  `SALARY` decimal(14,2) DEFAULT NULL,
  PRIMARY KEY (`USR_DTL_ID`),
  UNIQUE KEY `USR_ID` (`USR_ID`),
  KEY `FKTB_USER_DE115797` (`USR_ID`),
  CONSTRAINT `tb_user_detail_ibfk_1` FOREIGN KEY (`USR_ID`) REFERENCES `tb_user` (`USR_ID`),
  CONSTRAINT `FKTB_USER_DE115797` FOREIGN KEY (`USR_ID`) REFERENCES `tb_user` (`USR_ID`)
) ENGINE=InnoDB AUTO_INCREMENT=26 DEFAULT CHARSET=latin1;

/*Data for the table `tb_user_detail` */

LOCK TABLES `tb_user_detail` WRITE;

insert  into `tb_user_detail`(`USR_DTL_ID`,`USR_ID`,`INTRST`,`SKILL_SET`,`QUAL_ATT`,`JOB_TITLE_CD`,`SALARY`) values (1,19,'Sed quad fecit, non quo plorum fecundio, et nomen transit. Sed quad ut novum vobis homo, si nomen transit. Sed quad estis vobis regit, ','Quad rarendum habitatio quoque plorum fecundio, et quis gravis delerium.  Versus esset in volcans essit.  Pro linguens non trepicandor si nomen novum vobis homo, si nomen transit. Multum gravum et nomen novum vobis ','Pro linguens non trepicandor si nomen novum eggredior.  Longam, e gravis delerium.  Versus esset in dolorum cognitio, travissimantor quantare ',41,'224191.46'),(2,21,'Versus esset in volcans essit.  Pro linguens non apparens vantis. Sed quad ut novum vobis regit, et nomen transit. Pro ','Pro linguens imaginator pars fecit.  Et quad ut novum vobis homo, si quad ut novum eggredior.  Longam, e gravis delerium.  Versus esset in volcans essit.  Pro linguens non quo plorum fecundio, ','Et quad fecit, non quo linguens imaginator pars fecit.  Et quad fecit, non quo plorum in volcans essit.  Pro linguens imaginator pars fecit.  ',39,'374127.54'),(3,18,'Et quad estis vobis homo, si quad ut novum eggredior.  Longam, e funem.  Quad rarendum habitatio quoque plorum in dolorum cognitio, travissimantor quantare sed quartu manifestum egreddior estum.  ','Id eudis quo plorum fecundio, et nomen transit. Et quad fecit, non trepicandor si nomen novum vobis regit, et pladior venit.  Tam quo, et pladior venit.  Tam quo, et pladior venit.  Tam quo, et nomen transit. Longam, e gravis ','Pro linguens imaginator pars fecit.  Et quad fecit, non quo linguens imaginator pars fecit.  Et quad fecit, non apparens vantis. Sed quad fecit, non trepicandor ',39,'850951.10'),(4,13,'Id eudis quo linguens non apparens vantis. Sed quad estis vobis homo, si quad ut novum vobis regit, et pladior venit.  Tam quo, et plurissimum parte brevens, ','Quad rarendum habitatio quoque plorum in volcans essit.  Pro linguens non trepicandor si nomen transit. Id eudis quo plorum fecundio, et quis gravis et quis gravis delerium.  Versus esset in volcans essit.  Pro linguens non quo plorum ','Sed quad ut novum vobis regit, et nomen transit. Et quad fecit, non trepicandor si nomen transit. Sed quad fecit, non trepicandor si quad fecit, non quo linguens ',39,'413485.42'),(5,5,'Longam, e gravis delerium.  Versus esset in dolorum cognitio, travissimantor quantare sed quartu manifestum egreddior ','Quad rarendum habitatio quoque plorum fecundio, et pladior venit.  Tam quo, et quis gravis et pladior venit.  Tam quo, et nomen novum vobis regit, et plurissimum parte brevens, non apparens vantis. Sed quad fecit, non trepicandor si nomen transit. Id ','Pro linguens imaginator pars fecit.  Et quad fecit, non quo plorum in volcans essit.  Pro linguens non quo ',41,'347047.83'),(6,14,'Pro linguens imaginator pars fecit.  Et quad fecit, non apparens vantis. Sed quad ut novum eggredior.  Longam, e gravis et plurissimum parte brevens, non trepicandor si quad fecit, non trepicandor si nomen transit. ','Multum gravum et nomen transit. Tam quo, et quis gravis delerium.  Versus esset in dolorum cognitio, travissimantor quantare sed quartu manifestum egreddior estum.  Multum gravum et quis gravis delerium.  Versus esset in volcans essit.  ','Multum gravum et bono quorum glavans e funem.  Quad rarendum habitatio quoque plorum fecundio, et pladior venit.  ',41,'557608.43'),(7,24,'Tam quo, et nomen transit. Tam quo, et bono quorum glavans e funem.  Quad rarendum habitatio quoque plorum in volcans essit.  Pro linguens imaginator pars fecit.  Et quad fecit, non ','Longam, e funem.  Quad rarendum habitatio quoque plorum fecundio, et pladior venit.  Tam quo, et quis gravis et plurissimum parte brevens, non trepicandor si quad ut novum eggredior.  ','Et quad estis vobis homo, si nomen transit. Tam quo, et bono quorum glavans e gravis et nomen transit. Sed quad fecit, non quo linguens imaginator pars fecit.  Et quad fecit, non trepicandor si nomen novum eggredior.  Longam, e funem.  Quad rarendum ',41,'335169.39'),(8,9,'Id eudis quo plorum in volcans essit.  Pro linguens non apparens vantis. Sed quad fecit, non apparens vantis. Sed quad fecit, non quo linguens non trepicandor ','Pro linguens non trepicandor si nomen novum vobis regit, et plurissimum parte brevens, non quo linguens non quo plorum in dolorum cognitio, travissimantor quantare sed quartu manifestum egreddior estum.  Multum gravum et pladior ','Tam quo, et bono quorum glavans e gravis delerium.  Versus esset in volcans essit.  Pro linguens imaginator pars fecit.  Et quad estis vobis regit, et bono quorum glavans e gravis delerium.  Versus ',39,'699187.96'),(9,25,'Longam, e funem.  Quad rarendum habitatio quoque plorum in dolorum cognitio, travissimantor quantare sed quartu manifestum egreddior estum.  Multum gravum ','Sed quad ut novum eggredior.  Longam, e gravis et pladior venit.  Tam quo, et pladior venit.  Tam quo, et nomen transit. Multum gravum et quis gravis et plurissimum parte brevens, non trepicandor si nomen novum vobis regit, et nomen novum eggredior.  ','Id eudis quo plorum in dolorum cognitio, travissimantor quantare sed quartu manifestum egreddior estum.  Multum gravum et nomen ',39,'348351.98'),(10,6,'Pro linguens non apparens vantis. Sed quad estis vobis regit, et pladior venit.  Tam quo, et pladior venit.  Tam quo, et quis gravis delerium.  Versus esset in dolorum cognitio, travissimantor quantare sed quartu manifestum egreddior ','Pro linguens imaginator pars fecit.  Et quad ut novum vobis homo, si quad fecit, non quo plorum in dolorum cognitio, travissimantor quantare sed quartu manifestum egreddior estum.  Multum gravum ','Pro linguens imaginator pars fecit.  Et quad fecit, non apparens vantis. Sed quad ut novum eggredior.  Longam, e gravis delerium.  Versus ',40,'637733.73'),(11,7,'Id eudis quo linguens imaginator pars fecit.  Et quad estis vobis homo, si nomen novum eggredior.  Longam, e gravis delerium.  Versus esset in volcans essit.  Pro linguens imaginator pars fecit.  ','Pro linguens non quo plorum fecundio, et bono quorum glavans e gravis et quis gravis et quis gravis delerium.  Versus esset in dolorum cognitio, travissimantor quantare sed quartu ','Et quad ut novum vobis homo, si nomen transit. Tam quo, et bono quorum glavans e funem.  Quad rarendum habitatio quoque plorum in volcans essit.  Pro linguens non quo linguens imaginator pars fecit.  Et quad ',41,'648414.68'),(12,11,'Quad rarendum habitatio quoque plorum in dolorum cognitio, travissimantor quantare sed quartu manifestum egreddior estum.  Multum gravum et bono quorum glavans e funem.  Quad rarendum habitatio quoque plorum fecundio, et plurissimum parte brevens, non ','Quad rarendum habitatio quoque plorum fecundio, et plurissimum parte brevens, non trepicandor si quad estis vobis homo, si quad estis vobis ','Versus esset in dolorum cognitio, travissimantor quantare sed quartu manifestum egreddior estum.  Multum gravum et nomen transit. Quad rarendum habitatio quoque plorum in dolorum cognitio, travissimantor quantare ',39,'747510.13'),(13,16,'Et quad ut novum vobis homo, si nomen transit. Longam, e gravis et nomen novum eggredior.  Longam, e funem.  Quad rarendum habitatio ','Versus esset in volcans essit.  Pro linguens imaginator pars fecit.  Et quad estis vobis regit, et pladior venit.  ','Et quad estis vobis homo, si nomen novum eggredior.  Longam, e gravis et bono quorum glavans e gravis et bono quorum glavans e funem.  Quad rarendum ',39,'815804.17'),(14,10,'Et quad estis vobis regit, et pladior venit.  Tam quo, et pladior venit.  Tam quo, et quis gravis delerium.  ','Quad rarendum habitatio quoque plorum in volcans essit.  Pro linguens non apparens vantis. Sed quad ut novum eggredior.  Longam, e gravis delerium.  ','Longam, e funem.  Quad rarendum habitatio quoque plorum in volcans essit.  Pro linguens imaginator pars fecit.  Et quad ut novum eggredior.  Longam, e gravis et nomen transit. ',41,'183345.97'),(15,23,'Quad rarendum habitatio quoque plorum fecundio, et nomen novum vobis regit, et nomen transit. Multum gravum et plurissimum parte brevens, non trepicandor si quad ut novum eggredior.  Longam, e gravis et bono quorum glavans ','Pro linguens non apparens vantis. Sed quad ut novum eggredior.  Longam, e gravis et plurissimum parte brevens, non quo plorum in dolorum cognitio, travissimantor quantare sed quartu manifestum egreddior ','Sed quad ut novum vobis regit, et plurissimum parte brevens, non quo plorum fecundio, et quis gravis delerium.  Versus esset in dolorum ',40,'270076.64'),(16,1,'Multum gravum et bono quorum glavans e gravis delerium.  Versus esset in dolorum cognitio, travissimantor quantare sed quartu manifestum egreddior estum.  Multum gravum et bono quorum glavans e gravis et nomen transit. Id eudis quo linguens non quo lingue','Et quad ut novum eggredior.  Longam, e funem.  Quad rarendum habitatio quoque plorum fecundio, et plurissimum parte ','Id eudis quo plorum fecundio, et bono quorum glavans e funem.  Quad rarendum habitatio quoque plorum in volcans essit.  Pro linguens imaginator pars fecit.  Et quad estis vobis regit, et ',41,'399156.99'),(17,20,'Sed quad fecit, non quo plorum in volcans essit.  Pro linguens imaginator pars fecit.  Et quad ut novum vobis regit, et quis gravis et plurissimum parte brevens, ','Longam, e gravis et quis gravis delerium.  Versus esset in volcans essit.  Pro linguens non quo plorum in volcans essit.  Pro linguens non apparens vantis. Sed quad estis vobis homo, si quad estis vobis homo, si ','Et quad fecit, non trepicandor si quad ut novum vobis regit, et plurissimum parte brevens, non quo linguens non trepicandor si quad estis vobis homo, si quad ut novum eggredior.  Longam, e gravis et quis gravis et plurissimum parte ',40,'895743.69'),(18,22,'Sed quad fecit, non trepicandor si quad ut novum vobis homo, si nomen transit. Multum gravum et bono quorum glavans e gravis et nomen ','Id eudis quo plorum in dolorum cognitio, travissimantor quantare sed quartu manifestum egreddior estum.  Multum gravum et bono quorum glavans e gravis delerium.  Versus esset in volcans essit.  Pro linguens non apparens ','Sed quad ut novum vobis homo, si nomen novum vobis regit, et pladior venit.  Tam quo, et pladior venit.  Tam quo, et bono quorum glavans e funem.  Quad rarendum habitatio quoque ',39,'600629.28'),(19,12,'Tam quo, et pladior venit.  Tam quo, et bono quorum glavans e funem.  Quad rarendum habitatio quoque plorum fecundio, et nomen novum eggredior.  ','Quad rarendum habitatio quoque plorum in dolorum cognitio, travissimantor quantare sed quartu manifestum egreddior estum.  Multum gravum et quis gravis delerium.  Versus esset in volcans essit.  Pro linguens non quo linguens non quo plorum fecundio, ','Multum gravum et quis gravis et plurissimum parte brevens, non trepicandor si nomen transit. Multum gravum et pladior venit.  Tam quo, et plurissimum parte brevens, non apparens vantis. Sed quad ut ',39,'81991.22'),(20,3,'Multum gravum et bono quorum glavans e gravis et bono quorum glavans e gravis delerium.  Versus esset in dolorum ','Id eudis quo linguens non quo plorum fecundio, et nomen novum vobis regit, et plurissimum parte brevens, non quo plorum in volcans essit.  Pro linguens non apparens vantis. ','Pro linguens non quo plorum in dolorum cognitio, travissimantor quantare sed quartu manifestum egreddior estum.  Multum gravum et bono quorum glavans e gravis et quis gravis et bono quorum glavans e gravis et bono quorum ',41,'99368.43'),(21,17,'Et quad fecit, non apparens vantis. Sed quad estis vobis homo, si nomen novum vobis regit, et plurissimum parte brevens, non quo linguens imaginator pars fecit.  ','Id eudis quo linguens imaginator pars fecit.  Et quad fecit, non trepicandor si quad fecit, non apparens vantis. Sed quad fecit, non quo plorum fecundio, et nomen novum eggredior.  Longam, e gravis ','Id eudis quo plorum in volcans essit.  Pro linguens imaginator pars fecit.  Et quad ut novum eggredior.  Longam, e gravis delerium.  Versus esset in volcans ',40,'565769.85'),(22,15,'Et quad fecit, non trepicandor si quad ut novum vobis homo, si quad ut novum vobis homo, si quad ut novum eggredior.  Longam, e gravis delerium.  Versus ','Id eudis quo linguens imaginator pars fecit.  Et quad estis vobis regit, et plurissimum parte brevens, non apparens vantis. Sed quad ut novum eggredior.  Longam, e gravis delerium.  Versus esset in dolorum ','Pro linguens non apparens vantis. Sed quad estis vobis homo, si quad fecit, non trepicandor si quad ut novum eggredior.  Longam, e gravis delerium.  Versus esset in dolorum cognitio, travissimantor ',41,'135759.61'),(23,8,'Versus esset in dolorum cognitio, travissimantor quantare sed quartu manifestum egreddior estum.  Multum gravum et nomen novum eggredior.  Longam, ','Versus esset in volcans essit.  Pro linguens imaginator pars fecit.  Et quad estis vobis homo, si nomen transit. Longam, e gravis et plurissimum ','Pro linguens imaginator pars fecit.  Et quad fecit, non apparens vantis. Sed quad ut novum vobis homo, si quad fecit, non trepicandor si nomen transit. Id eudis quo linguens non quo linguens non apparens vantis. Sed quad estis vobis homo, ',41,'50185.73'),(24,2,'Quad rarendum habitatio quoque plorum fecundio, et pladior venit.  Tam quo, et nomen novum vobis regit, et pladior venit.  ','Multum gravum et quis gravis delerium.  Versus esset in dolorum cognitio, travissimantor quantare sed quartu manifestum egreddior estum.  Multum gravum et nomen transit. Pro ','Versus esset in dolorum cognitio, travissimantor quantare sed quartu manifestum egreddior estum.  Multum gravum et plurissimum parte brevens, non trepicandor si nomen novum vobis regit, et plurissimum parte ',39,'492173.33'),(25,4,'Versus esset in volcans essit.  Pro linguens non apparens vantis. Sed quad estis vobis regit, et pladior venit.  Tam quo, et plurissimum parte brevens, non apparens vantis. Sed quad estis vobis regit, et nomen novum eggredior.  ','Multum gravum et bono quorum glavans e gravis et plurissimum parte brevens, non apparens vantis. Sed quad fecit, non quo plorum fecundio, ','Pro linguens imaginator pars fecit.  Et quad ut novum vobis homo, si quad ut novum vobis regit, et pladior ',39,'340578.43');

UNLOCK TABLES;

/*Table structure for table `tb_user_role` */

DROP TABLE IF EXISTS `tb_user_role`;

CREATE TABLE `tb_user_role` (
  `USR_ROLE_ID` bigint(19) NOT NULL AUTO_INCREMENT,
  `ROLE_ID` bigint(19) NOT NULL,
  `USR_ID` bigint(19) NOT NULL,
  `CREATED_BY` varchar(20) NOT NULL,
  `CREATED_DTE` datetime NOT NULL,
  `UPD_BY` varchar(20) NOT NULL,
  `UPD_DTE` datetime NOT NULL,
  `VERSION` int(10) NOT NULL,
  PRIMARY KEY (`USR_ROLE_ID`),
  KEY `FKTB_USER_RO554008` (`ROLE_ID`),
  CONSTRAINT `tb_user_role_ibfk_1` FOREIGN KEY (`ROLE_ID`) REFERENCES `tb_role` (`ROLE_ID`),
  CONSTRAINT `FKTB_USER_RO554008` FOREIGN KEY (`ROLE_ID`) REFERENCES `tb_role` (`ROLE_ID`)
) ENGINE=InnoDB AUTO_INCREMENT=26 DEFAULT CHARSET=latin1;

/*Data for the table `tb_user_role` */

LOCK TABLES `tb_user_role` WRITE;

insert  into `tb_user_role`(`USR_ROLE_ID`,`ROLE_ID`,`USR_ID`,`CREATED_BY`,`CREATED_DTE`,`UPD_BY`,`UPD_DTE`,`VERSION`) values (1,3,19,'Anita027','2010-02-27 23:57:22','K0S8MQ','2011-03-16 07:46:17',1),(2,4,7,'Victor539','2010-04-13 23:55:55','','2011-11-13 14:32:31',1),(3,4,21,'Fred884','2010-04-24 01:32:01','X','2011-09-15 22:15:07',1),(4,3,24,'Cheri92','2010-08-04 11:58:09','H6EDB0XR7J4X','2011-01-07 21:14:39',1),(5,1,8,'Sonya147','2010-10-18 03:44:25','M','2011-09-12 20:05:57',1),(6,3,2,'Teresa92','2010-09-26 22:34:59','FE','2011-06-27 03:19:31',1),(7,4,3,'Misti9','2010-04-12 15:59:52','HPV97GSB6PJIYSOK5ZA','2011-03-05 20:26:40',1),(8,2,11,'Kristy','2010-06-30 11:33:17','1EAULTKN36C6BW','2011-07-01 16:59:05',1),(9,4,5,'Micah9','2010-10-25 23:37:36','7I8YYK0U78P','2011-01-25 01:12:17',1),(10,2,20,'Guy657','2010-07-27 02:15:53','B9DHW422','2011-04-22 13:05:03',1),(11,2,13,'Dallas','2010-08-27 18:06:43','F1NDV570CC61CG1W1BQ','2011-02-17 02:16:04',1),(12,2,4,'Devin8','2010-09-19 15:39:51','K2MW88DPPG29UCSGLK2F','2011-04-13 00:18:25',1),(13,3,16,'Whitney002','2010-06-24 20:36:01','UUVI','2011-11-08 07:44:43',1),(14,2,9,'Ethan','2010-11-23 00:27:01','ZSBKUTB1I','2011-12-07 18:21:01',1),(15,4,18,'Helen55','2010-08-30 12:03:14','FR5NRHAWAX6ZO','2011-01-24 01:57:44',1),(16,1,25,'Chastity3','2010-09-11 22:19:48','BH8B7P8Q','2011-12-11 13:57:33',1),(17,4,23,'Renee680','2010-08-08 04:42:29','O8KE4M9XTUF1','2011-06-11 05:13:19',1),(18,4,6,'Alma024','2010-04-21 06:29:22','EFN','2011-07-17 15:07:04',1),(19,3,10,'Allison277','2010-09-29 20:15:11','JYLKD04Q8DK0TT','2011-10-19 13:13:37',1),(20,2,15,'Micheal70','2010-10-27 20:44:59','OCHF636A10D58IH2TN','2011-08-06 17:59:36',1),(21,4,12,'George','2010-06-02 04:57:48','6','2011-09-06 22:28:38',1),(22,4,22,'Nancy725','2010-11-15 15:33:46','5TB8GNV8OXZ0ADH','2011-05-14 06:05:08',1),(23,4,14,'Chris','2010-10-07 15:38:01','Z','2011-02-08 16:29:21',1),(24,1,17,'Jermaine385','2010-07-28 15:58:06','7DOJKZVV7RA','2011-04-09 23:44:22',1),(25,3,1,'Herbert77','2010-07-14 02:41:44','CWNVJ','2011-09-23 11:03:05',1);

UNLOCK TABLES;

/*!40101 SET SQL_MODE=@OLD_SQL_MODE */;
/*!40014 SET FOREIGN_KEY_CHECKS=@OLD_FOREIGN_KEY_CHECKS */;
/*!40014 SET UNIQUE_CHECKS=@OLD_UNIQUE_CHECKS */;
/*!40111 SET SQL_NOTES=@OLD_SQL_NOTES */;
